StopCode,OfficeLineID,Direction,Alternative,TripStartTime,ArrivalTime
13116,51019,2,#,09:35,2026-02-13 09:58:33
13116,51019,2,#,07:25,2026-02-13 07:46:41
14730,19018,2,#,07:00,
54841,12117,1,0,08:50,
14730,19018,2,#,07:30,
14730,19018,2,#,08:00,
54841,12117,1,0,07:20,
54841,12117,1,0,14:20,
54841,12117,1,0,10:50,
54841,12117,1,0,11:20,
54841,12117,1,0,12:50,
14730,19018,2,#,12:00,
54841,12117,1,0,09:50,
54841,12117,1,0,10:20,
14730,19018,2,#,08:30,
54841,12117,1,0,13:50,
54841,12117,1,0,06:20,
14730,19018,2,#,06:30,
40826,24035,2,0,10:15,
54841,12117,1,0,08:20,
54841,12117,1,0,06:50,
54841,12117,1,0,07:50,
14730,19018,2,#,09:30,
54841,12117,1,0,12:20,
14730,19018,2,#,11:30,
14730,19018,2,#,10:30,
14730,19018,2,#,09:00,
14730,19018,2,#,11:00,
54841,12117,1,0,09:20,
16336,21041,1,0,05:30,2026-02-13 05:55:17
37123,29012,2,0,06:20,2026-02-13 06:54:52
16336,21041,1,0,11:30,2026-02-13 11:57:36
37123,29012,2,0,07:20,2026-02-13 07:58:59
37123,29012,2,0,08:20,2026-02-13 09:01:02
14730,19018,2,#,09:30,
14730,19018,2,#,10:00,
54841,12117,1,0,07:20,
14730,19018,2,#,10:30,
14730,19018,2,#,11:15,
14730,19018,2,#,11:30,
54841,12117,1,0,06:50,
54841,12117,1,0,07:50,
54841,12117,1,0,06:20,
14730,19018,2,#,07:00,
54841,12117,1,0,09:50,
14730,19018,2,#,07:30,
54841,12117,1,0,10:20,
13116,51019,2,#,07:25,2026-02-20 07:44:21
16336,21041,1,0,05:30,2026-02-20 05:56:17
37123,29012,2,0,07:20,2026-02-20 08:00:50
16336,21041,1,0,08:30,2026-02-20 08:55:58
37123,29012,2,0,06:20,
16336,21041,1,0,09:30,2026-02-20 09:59:45
37123,29012,2,0,13:15,2026-02-20 13:55:12
16336,21041,1,0,06:30,2026-02-20 06:56:08
16336,21041,1,0,10:30,2026-02-20 10:55:57
37123,29012,2,0,10:10,2026-02-20 10:48:57
37123,29012,2,0,05:20,2026-02-20 05:54:30
37123,29012,2,0,08:20,2026-02-20 08:55:27
16336,21041,1,0,07:30,2026-02-20 07:56:05
42218,54016,2,#,06:25,2026-02-20 06:40:58
42218,54016,2,#,07:20,2026-02-20 07:37:55
42218,54016,2,#,12:10,2026-02-20 12:36:41
42218,54016,2,#,05:25,2026-02-20 05:40:38
42218,54016,2,#,08:15,2026-02-20 08:34:40
40826,24035,2,0,10:15,
14730,19018,2,#,09:00,
54841,12117,1,0,12:50,
54841,12117,1,0,08:20,
14730,19018,2,#,06:30,
14730,19018,2,#,07:15,
54841,12117,1,0,08:50,
14730,19018,2,#,08:15,
14730,19018,2,#,08:00,
37123,29012,2,0,14:20,2026-02-13 14:53:14
13116,51019,2,#,13:25,2026-02-13 13:43:49
14730,19018,2,#,10:00,
14730,19018,2,#,14:15,
54841,12117,1,0,11:50,
14730,19018,2,#,08:15,
14730,19018,2,#,07:15,
14730,19018,2,#,11:15,
14730,19018,2,#,12:15,
14730,19018,2,#,09:15,
14730,19018,2,#,10:15,
14730,19018,2,#,08:30,
14730,19018,2,#,09:15,
54841,12117,1,0,09:20,
14730,19018,2,#,10:15,
54841,12117,1,0,10:50,
13116,51019,2,#,09:35,2026-02-20 09:59:09
14730,19018,2,#,13:15,
54841,12117,1,0,06:20,
14730,19018,2,#,07:00,
14730,19018,2,#,07:30,
54841,12117,1,0,06:50,
54841,12117,1,0,07:20,
54841,12117,1,0,07:50,
14730,19018,2,#,08:00,
54841,12117,1,0,08:50,
14730,19018,2,#,09:00,
54841,12117,1,0,08:20,
54841,12117,1,0,10:20,
14730,19018,2,#,06:30,
14730,19018,2,#,08:30,
14730,19018,2,#,10:30,
54841,12117,1,0,10:50,
54841,12117,1,0,09:20,
14730,19018,2,#,09:30,
54841,12117,1,0,09:50,
14730,19018,2,#,10:00,
14730,19018,2,#,11:00,
14730,19018,2,#,12:30,
40826,24035,2,0,10:15,
13116,51019,2,#,07:25,2026-02-27 07:43:45
13116,51019,2,#,09:35,2026-02-27 09:59:46
16336,21041,1,0,05:30,2026-02-27 05:57:28
37123,29012,2,0,06:20,2026-02-27 06:56:49
37123,29012,2,0,07:20,
37123,29012,2,0,08:20,2026-02-27 09:04:35
16336,21041,1,0,11:30,2026-02-27 12:43:22
37123,29012,2,0,14:20,2026-02-27 14:57:33
54841,12117,1,0,11:20,
14730,19018,2,#,11:30,
54841,12117,1,0,13:50,
54841,12117,1,0,11:50,
14730,19018,2,#,14:00,
13116,51019,2,#,09:35,2026-02-06 09:57:50
13116,51019,2,#,07:25,2026-02-06 07:44:33
54841,12117,1,0,10:50,
54841,12117,1,0,06:20,
54841,12117,1,0,07:20,
54841,12117,1,0,08:20,
54841,12117,1,0,08:50,
16336,21041,1,0,06:30,2026-02-06 07:02:12
16336,21041,1,0,08:30,2026-02-06 08:54:37
16336,21041,1,0,09:30,2026-02-06 09:55:34
37123,29012,2,0,05:20,2026-02-06 05:51:11
16336,21041,1,0,07:30,2026-02-06 07:57:10
37123,29012,2,0,09:15,2026-02-06 09:51:54
16336,21041,1,0,10:30,2026-02-06 11:01:07
37123,29012,2,0,11:15,2026-02-06 11:57:12
37123,29012,2,0,13:15,2026-02-06 13:58:14
14730,19018,2,#,12:00,
13116,51019,2,#,13:25,2026-02-27 13:44:39
42218,54016,2,#,05:25,2026-02-13 05:41:57
42218,54016,2,#,09:20,2026-02-13 09:42:40
42218,54016,2,#,08:15,2026-02-13 08:32:46
14730,19018,2,#,14:30,
12387,40014,1,#,05:38,2026-02-13 05:53:50
12387,45012,1,#,07:16,2026-02-13 07:32:50
12387,45012,1,#,06:20,2026-02-13 06:36:22
12387,40014,1,#,10:18,2026-02-13 10:40:44
12387,45012,1,#,10:16,2026-02-13 10:38:57
12387,40014,1,#,07:18,2026-02-13 07:36:50
12387,40014,1,#,09:48,2026-02-13 10:09:24
12387,40014,1,#,12:08,2026-02-13 12:45:08
12387,40014,1,#,13:48,2026-02-13 14:08:37
12387,40014,1,#,11:18,2026-02-13 11:46:25
12387,40014,1,#,09:18,2026-02-13 09:36:57
12387,45012,1,#,09:16,2026-02-13 09:40:04
12387,45012,1,#,12:16,2026-02-13 12:44:18
12387,40014,1,#,14:18,2026-02-13 14:40:41
12387,45012,1,#,13:16,2026-02-13 13:31:55
12387,45012,1,#,08:16,2026-02-13 08:40:35
12387,40014,1,#,07:48,2026-02-13 08:08:23
12387,40014,1,#,06:18,2026-02-13 06:36:04
12387,40014,1,#,05:20,2026-02-13 05:41:01
12387,45012,1,#,05:20,2026-02-13 05:37:23
12387,40014,1,#,06:38,2026-02-13 06:52:26
12387,40014,1,#,08:48,2026-02-13 09:10:15
12387,40014,1,#,08:18,2026-02-13 08:38:12
12387,45012,1,#,11:16,2026-02-13 11:43:19
37123,29012,1,0,06:40,
37123,29012,1,0,05:40,
37123,29012,1,0,09:40,
12387,45012,1,#,10:16,2026-02-20 10:37:00
12387,40014,1,#,07:48,2026-02-20 08:10:02
12387,40014,1,#,10:18,2026-02-20 10:35:33
12387,40014,1,#,06:18,2026-02-20 06:39:02
12387,40014,1,#,09:48,2026-02-20 10:06:19
12387,40014,1,#,10:48,2026-02-20 11:10:10
12387,45012,1,#,08:16,2026-02-20 08:37:03
12387,40014,1,#,08:18,2026-02-20 08:41:00
12387,45012,1,#,09:16,2026-02-20 09:35:37
12387,40014,1,#,09:18,2026-02-20 09:44:11
35377,23044,2,0,10:14,
35377,23044,2,0,05:45,
35377,23044,2,0,08:45,
35377,23044,2,0,09:14,
37123,29012,1,0,06:40,
37123,29012,1,0,08:40,
37123,29012,1,0,11:40,
37123,29012,1,0,09:40,
37123,29012,1,0,14:40,
37123,29012,1,0,05:40,
37123,29012,1,0,07:40,
12387,40014,1,#,11:18,2026-02-20 11:40:56
12387,45012,1,#,13:16,2026-02-20 13:34:54
12387,45012,1,#,05:20,2026-02-20 05:37:03
12387,45012,1,#,06:20,2026-02-20 06:38:31
12387,40014,1,#,05:20,2026-02-20 05:39:24
12387,40014,1,#,05:38,2026-02-20 05:54:02
12387,40014,1,#,06:38,2026-02-20 06:52:41
12387,40014,1,#,08:48,2026-02-20 09:10:41
37123,29012,1,0,13:40,
37123,29012,1,0,08:40,
37123,29012,1,0,11:40,
37123,29012,1,0,10:40,
37123,29012,1,0,12:40,
12387,45012,1,#,07:16,
12387,40014,1,#,07:18,2026-02-20 07:35:16
12387,45012,1,#,11:16,2026-02-20 11:34:27
12387,40014,1,#,11:48,2026-02-20 12:15:23
12387,40014,1,#,12:48,2026-02-20 13:14:38
35377,23044,2,0,06:35,
35377,23044,2,0,11:14,
35377,23044,2,0,07:50,
35377,23044,2,0,08:14,
35377,23044,2,0,07:10,
35377,23044,2,0,06:15,
35377,23044,2,0,07:17,
35377,23044,2,0,09:45,
35377,23044,2,0,10:45,
35377,23044,2,0,11:45,
35377,23044,2,0,12:14,
35377,23044,2,0,12:45,
12387,40014,1,#,11:48,2026-02-13 12:19:01
12387,40014,1,#,10:48,2026-02-13 11:12:09
12387,45012,1,#,14:16,2026-02-13 14:34:23
12387,40014,1,#,12:48,2026-02-13 13:14:27
12387,40014,1,#,13:18,2026-02-13 13:44:52
12387,40014,1,#,14:48,2026-02-13 15:08:30
12387,45012,1,#,06:20,2026-02-27 06:38:10
12387,40014,1,#,07:48,2026-02-27 08:12:06
12387,40014,1,#,05:38,2026-02-27 05:55:17
12387,40014,1,#,09:48,2026-02-27 10:07:28
12387,40014,1,#,05:20,2026-02-27 05:42:29
12387,40014,1,#,08:48,2026-02-27 09:12:59
12387,40014,1,#,06:38,2026-02-27 06:53:03
12387,40014,1,#,11:48,
12387,40014,1,#,10:48,
12387,45012,1,#,14:16,2026-02-27 14:34:04
12387,40014,1,#,12:08,2026-02-27 12:42:18
12387,40014,1,#,12:48,2026-02-27 13:09:50
12387,40014,1,#,14:48,2026-02-27 15:08:02
37123,29012,1,0,09:40,
37123,29012,1,0,08:40,
37123,29012,1,0,05:40,
37123,29012,1,0,13:40,
37123,29012,1,0,10:40,
37123,29012,1,0,14:40,
37123,29012,1,0,11:40,
37123,29012,1,0,12:40,
35377,23044,2,0,06:15,
32052,37071,2,0,10:55,
32052,54073,2,0,10:55,
32052,54073,2,0,06:25,
32052,37071,2,0,09:55,
32052,37071,2,0,06:25,
32052,37071,2,0,09:25,
32052,37071,2,0,07:25,
32052,37071,2,0,10:25,
32052,37071,2,0,08:25,
32052,37071,2,0,08:55,
32052,54073,2,0,07:25,
32052,37071,2,0,07:55,
32052,54073,2,0,08:25,
32052,37071,2,0,11:55,
32052,54073,2,0,11:25,
32052,37071,2,0,12:55,
32052,54073,2,0,09:25,
32052,54073,2,0,10:25,
32052,37071,2,0,11:25,
32052,37071,2,0,14:55,
32052,54073,2,0,14:55,
32052,37071,2,0,13:25,
32052,54073,2,0,13:25,
32052,37071,2,0,13:55,
32052,54073,2,0,13:55,
32052,37071,2,0,12:25,
32052,54073,2,0,12:25,
32052,37071,2,0,14:25,
54842,51021,1,0,13:50,
54842,51021,1,0,11:50,
12387,40014,1,#,12:08,2026-02-20 12:34:58
12387,45012,1,#,12:16,2026-02-20 12:41:14
12387,40014,1,#,13:18,2026-02-20 13:43:45
12387,45012,1,#,14:16,2026-02-20 14:34:30
12387,40014,1,#,13:48,2026-02-20 14:07:28
12387,40014,1,#,14:18,2026-02-20 14:37:56
12387,40014,1,#,14:48,2026-02-20 15:14:05
32052,37071,2,0,07:25,
32052,37071,2,0,09:55,
32052,54073,2,0,07:25,
12387,19018,1,#,08:25,2026-02-13 08:54:47
12387,19018,1,#,07:40,2026-02-13 08:08:58
12387,19018,1,#,05:55,2026-02-13 06:14:08
12387,19018,1,#,06:40,2026-02-13 06:56:10
12387,19018,1,#,06:55,2026-02-13 07:17:25
12387,19018,1,#,08:40,2026-02-13 09:15:55
12387,19018,1,#,10:55,
12387,19018,1,#,09:55,2026-02-13 10:24:55
12387,19018,1,#,13:40,2026-02-13 14:08:18
12387,19018,1,#,04:15,2026-02-13 04:32:29
12387,19018,1,#,04:40,2026-02-13 05:01:17
12387,19018,1,#,06:25,2026-02-13 06:48:32
12387,19018,1,#,07:25,2026-02-13 07:48:23
12387,19018,1,#,07:55,2026-02-13 08:25:08
12387,19018,1,#,09:25,2026-02-13 09:59:35
11038,18022,2,#,09:35,
11038,18022,2,#,11:20,
11038,18022,2,#,13:35,
11038,18022,2,#,10:35,
11038,51019,1,#,07:35,
11038,18022,2,#,10:20,
11038,18022,2,#,09:20,
11038,51019,1,#,10:35,
11038,18022,2,#,14:20,
11038,18022,2,#,14:35,
11038,51019,1,#,14:35,
11038,18022,2,#,11:35,
11038,18022,2,#,12:20,
11038,18022,2,#,12:35,
12000,49010,2,1,10:18,
12000,49010,2,1,09:18,
12387,19018,1,#,04:15,2026-02-20 04:34:08
12387,19018,1,#,06:25,2026-02-20 06:48:41
12387,19018,1,#,04:40,2026-02-20 04:57:20
12387,19018,1,#,07:55,2026-02-20 08:23:02
12387,19018,1,#,10:40,2026-02-20 11:07:53
12387,19018,1,#,07:25,2026-02-20 08:01:19
12387,19018,1,#,09:55,2026-02-20 10:35:04
12387,19018,1,#,06:40,2026-02-20 07:02:18
11038,18022,2,#,11:20,
11038,18022,2,#,11:35,
11038,18022,2,#,09:20,
11038,51019,1,#,07:35,
12387,19018,1,#,11:55,2026-02-20 12:30:06
12387,19018,1,#,11:25,2026-02-20 12:02:40
12387,19018,1,#,08:40,2026-02-20 09:12:12
12387,19018,1,#,13:40,2026-02-20 14:06:29
12387,19018,1,#,05:25,2026-02-20 05:46:10
12387,19018,1,#,05:40,2026-02-20 06:02:11
12387,19018,1,#,05:55,2026-02-20 06:14:06
12387,19018,1,#,06:55,2026-02-20 07:20:08
12387,19018,1,#,08:25,2026-02-20 08:49:09
12000,49010,2,1,10:18,
12000,49010,2,1,08:18,
12000,49010,2,1,09:18,
12000,49010,2,1,08:18,
12387,19018,1,#,14:55,2026-02-13 15:20:03
12387,19018,1,#,08:55,2026-02-13 09:25:21
12387,19018,1,#,09:40,2026-02-13 10:16:27
12387,19018,1,#,10:25,2026-02-13 11:04:36
12387,19018,1,#,11:25,2026-02-13 12:05:28
12387,19018,1,#,11:55,2026-02-13 12:32:16
12387,19018,1,#,13:25,2026-02-13 13:55:37
12387,19018,1,#,13:55,
12387,19018,1,#,12:25,2026-02-13 12:57:11
12387,19018,1,#,12:55,2026-02-13 13:27:21
12387,19018,1,#,08:55,2026-02-20 09:24:16
12387,19018,1,#,07:40,2026-02-20 08:10:51
12387,19018,1,#,09:25,2026-02-20 09:56:55
12387,19018,1,#,10:25,2026-02-20 11:08:02
12387,19018,1,#,09:40,2026-02-20 10:14:02
12387,19018,1,#,10:55,2026-02-20 11:34:38
12387,19018,1,#,11:40,2026-02-20 12:23:17
12387,19018,1,#,12:25,2026-02-20 13:05:12
12387,19018,1,#,14:25,2026-02-13 14:52:00
12387,19018,1,#,15:25,2026-02-13 15:47:09
12387,19018,1,#,14:40,2026-02-13 15:07:58
12387,19018,1,#,04:15,2026-02-27 04:33:52
12387,19018,1,#,06:55,2026-02-27 07:18:14
12387,19018,1,#,09:55,2026-02-27 10:26:56
12387,19018,1,#,04:40,2026-02-27 05:01:21
12387,19018,1,#,09:40,2026-02-27 10:18:57
12387,19018,1,#,07:40,2026-02-27 08:08:54
12387,19018,1,#,06:40,
12387,19018,1,#,08:40,2026-02-27 09:26:38
12387,19018,1,#,10:55,2026-02-27 11:35:11
12387,19018,1,#,08:55,2026-02-27 09:24:50
12387,19018,1,#,07:55,2026-02-27 08:30:56
12387,19018,1,#,11:55,2026-02-27 12:42:41
12387,19018,1,#,14:40,2026-02-27 15:11:48
12387,19018,1,#,12:55,
12387,19018,1,#,13:40,2026-02-27 14:11:22
12000,49010,2,1,09:18,
12000,49010,2,1,08:18,
12000,49010,2,1,10:18,
11038,51019,1,#,07:35,
11038,18022,2,#,10:35,
11038,51019,1,#,10:35,
11038,18022,2,#,11:35,
11038,18022,2,#,12:35,
11038,18022,2,#,09:35,
11038,51019,1,#,14:35,
11038,18022,2,#,13:35,
11038,18022,2,#,14:35,
12387,19018,1,#,13:55,2026-02-27 14:26:18
12387,19018,1,#,10:40,2026-02-13 11:11:58
12387,19018,1,#,05:40,2026-02-13 06:00:41
12387,19018,1,#,11:40,
12387,19018,1,#,12:40,2026-02-13 13:16:50
11038,18022,2,#,13:20,
11038,18022,2,#,11:20,
11038,18022,2,#,14:20,
11038,18022,2,#,10:20,
11038,18022,2,#,09:20,
12000,49010,2,1,08:18,
12387,19018,1,#,14:55,2026-02-06 15:15:26
12387,19018,1,#,10:25,2026-02-06 11:04:36
12387,19018,1,#,11:25,2026-02-06 12:06:32
12387,19018,1,#,07:25,2026-02-06 07:53:23
12387,19018,1,#,14:25,2026-02-06 14:53:37
12387,19018,1,#,08:25,2026-02-06 08:50:39
12387,19018,1,#,15:25,2026-02-06 15:54:20
12387,19018,1,#,09:25,2026-02-06 09:56:50
12387,19018,1,#,12:40,2026-02-20 13:16:27
12387,19018,1,#,12:55,
12387,19018,1,#,13:25,2026-02-20 13:53:52
12387,19018,1,#,13:55,2026-02-20 14:26:56
12387,19018,1,#,14:25,2026-02-20 14:48:07
12387,19018,1,#,14:40,2026-02-20 15:04:59
12387,19018,1,#,14:55,2026-02-20 15:17:36
11038,18022,2,#,09:35,
11038,18022,2,#,10:20,
11038,18022,2,#,10:35,
11038,51019,1,#,10:35,
11038,18022,2,#,12:20,
11038,18022,2,#,12:35,
11038,18022,2,#,13:20,
12387,19018,1,#,12:25,2026-02-06 12:54:47
12387,19018,1,#,06:25,2026-02-06 06:50:25
12387,19018,1,#,13:25,2026-02-06 13:52:19
12387,19018,1,#,05:55,2026-02-06 06:18:22
12387,19018,1,#,13:55,2026-02-06 14:27:06
12387,19018,1,#,04:15,2026-02-06 04:33:59
14730,40014,2,#,07:00,
14730,40014,2,#,07:30,
14730,40014,2,#,08:00,
14730,40014,2,#,12:00,
40826,22036,1,0,06:00,
40826,22036,1,0,05:10,
40826,22036,1,0,10:15,
40826,22036,1,0,07:45,
40826,22036,1,0,09:45,
40826,22036,1,0,13:45,
40826,22036,1,0,07:05,
37284,49004,2,0,07:20,2026-02-13 07:43:52
40826,22036,1,0,06:45,
37284,49004,2,0,08:20,2026-02-13 08:44:27
14730,40014,2,#,06:30,
14730,40014,2,#,09:30,
14730,40014,2,#,11:30,
14730,40014,2,#,10:30,
14730,40014,2,#,09:30,
14730,61015,2,#,09:30,
14730,40014,2,#,10:00,
14730,40014,2,#,10:30,
14730,61015,2,#,10:30,
14730,40014,2,#,07:00,
14730,40014,2,#,11:30,
14730,61015,2,#,11:30,
14730,40014,2,#,07:30,
40826,22036,1,0,06:00,
37284,49004,2,0,07:20,2026-02-20 07:46:21
14730,40014,2,#,08:30,
14730,61015,2,#,08:30,
14730,40014,2,#,09:00,
14730,61015,2,#,09:30,
54839,40019,2,0,08:25,
54839,40019,2,0,11:25,
14730,40014,2,#,10:00,
14730,61015,2,#,10:30,
14730,40014,2,#,11:00,
40826,22036,1,0,09:15,
40826,22036,1,0,08:15,
40826,22036,1,0,05:10,
54839,40019,2,0,08:25,2026-02-20 08:48:02
40826,22036,1,0,07:45,
40826,22036,1,0,10:15,
40826,22036,1,0,09:45,
40826,22036,1,0,08:15,
40826,22036,1,0,06:45,
40826,22036,1,0,07:05,
40826,22036,1,0,06:25,
37284,49004,2,0,08:20,2026-02-20 08:44:51
40826,22036,1,0,09:15,
37284,49004,2,0,10:15,2026-02-20 10:38:03
37284,49004,2,0,11:05,2026-02-20 11:27:37
14730,40014,2,#,09:00,
14730,40014,2,#,06:30,
14730,40014,2,#,08:00,
14730,61015,2,#,08:30,
14730,40014,2,#,08:30,
14730,40014,2,#,11:00,
14730,40014,2,#,12:30,
40826,22036,1,0,11:30,
40826,22036,1,0,11:15,
40826,22036,1,0,12:05,
40826,22036,1,0,12:45,
40826,22036,1,0,13:05,
14730,40014,2,#,07:00,
14730,40014,2,#,06:30,
14730,40014,2,#,07:30,
14730,40014,2,#,08:30,
14730,40014,2,#,08:00,
14730,61015,2,#,09:30,
14730,40014,2,#,10:00,
14730,61015,2,#,08:30,
14730,61015,2,#,10:30,
14730,40014,2,#,09:00,
14730,40014,2,#,11:00,
14730,40014,2,#,09:30,
14730,40014,2,#,11:30,
14730,40014,2,#,10:30,
37284,49004,2,0,08:20,2026-02-27 08:46:29
37284,49004,2,0,15:00,2026-02-13 15:21:58
40826,22036,1,0,06:45,
40826,22036,1,0,05:10,
40826,22036,1,0,07:45,
40826,22036,1,0,06:00,
40826,22036,1,0,09:15,
40826,22036,1,0,07:05,
37284,49004,2,0,07:20,2026-02-27 07:44:55
40826,22036,1,0,09:45,
37284,49004,2,0,11:05,2026-02-27 11:30:19
40826,22036,1,0,08:15,
40826,22036,1,0,10:15,
37284,49004,2,0,10:15,2026-02-27 10:37:14
40826,22036,1,0,12:45,
40826,22036,1,0,13:45,
40826,22036,1,0,12:05,
40826,22036,1,0,14:15,
40826,22036,1,0,13:05,
40826,22036,1,0,11:15,
54839,40019,2,0,08:25,2026-02-27 08:45:31
54839,40019,2,0,11:25,2026-02-27 11:48:05
54839,40019,2,0,13:25,2026-02-27 13:42:22
14730,40014,2,#,13:00,
14730,40014,2,#,15:00,
14730,61015,2,#,13:30,
14730,40014,2,#,14:00,
40826,22036,1,0,15:15,
40826,22036,1,0,14:45,
40826,22036,1,0,11:30,
40826,22036,1,0,06:25,
54839,40019,2,0,08:25,
54839,40019,2,0,11:25,
54839,40019,2,0,13:25,2026-02-06 13:42:38
37284,49004,2,0,07:20,2026-02-06 07:42:22
40826,22036,1,0,12:05,
40826,22036,1,0,06:45,
40826,22036,1,0,08:15,
40826,22036,1,0,10:15,
37284,49004,2,0,11:05,2026-02-06 11:34:45
40826,22036,1,0,11:15,
40826,22036,1,0,05:10,
40826,22036,1,0,06:00,
40826,22036,1,0,12:45,
40826,22036,1,0,07:45,
37284,49004,2,0,08:20,2026-02-06 08:45:48
40826,22036,1,0,13:45,
40826,22036,1,0,09:15,
40826,22036,1,0,09:45,
37284,49004,2,0,10:15,2026-02-06 10:37:19
40826,22036,1,0,13:05,
40826,22036,1,0,14:15,
14730,40014,2,#,13:30,
14730,61015,2,#,13:30,
14730,40014,2,#,14:00,
37284,49004,2,0,11:05,2026-02-13 11:32:25
14730,40014,2,#,12:30,
14730,61015,2,#,12:30,
14730,40014,2,#,13:00,
14730,40014,2,#,14:30,
14730,61015,2,#,14:30,
14730,40014,2,#,12:00,
40826,22036,1,0,14:45,
37284,49004,2,0,15:00,2026-02-20 15:17:20
14730,40014,2,#,13:00,
14730,61015,2,#,12:30,
14730,40014,2,#,13:30,
14730,40014,2,#,14:00,
14730,61015,2,#,13:30,
14730,40014,2,#,07:00,
40826,22036,1,0,14:45,
40826,22036,1,0,15:15,
40826,22036,1,0,07:05,
37284,49004,2,0,15:00,2026-02-06 15:20:07
12387,54013,1,#,09:07,2026-02-13 09:38:53
12387,54013,1,#,07:07,2026-02-13 07:48:41
37284,44074,1,0,05:25,2026-02-13 05:47:06
37284,44074,1,0,08:40,2026-02-13 09:06:28
37284,44074,1,0,06:40,2026-02-13 06:57:32
37284,44074,1,0,05:40,2026-02-13 06:00:42
37284,44074,1,0,09:40,2026-02-13 10:07:04
37284,44074,1,0,11:40,2026-02-13 12:16:26
37284,44074,1,0,07:20,2026-02-13 07:45:39
37284,44074,1,0,13:50,2026-02-13 14:17:15
37284,44074,1,0,09:20,2026-02-13 09:46:34
37284,44074,1,0,06:20,2026-02-13 06:45:51
37284,44074,1,0,10:40,2026-02-13 11:06:06
12387,54013,1,#,10:02,2026-02-13 10:36:00
12387,54013,1,#,05:13,2026-02-13 05:37:18
12387,54013,1,#,06:13,2026-02-13 06:42:57
12387,54013,1,#,08:07,2026-02-13 08:39:32
37284,44074,1,0,07:40,2026-02-13 08:06:26
37284,44074,1,0,08:20,
12387,54013,1,#,07:07,2026-02-20 07:42:15
12387,54013,1,#,05:13,2026-02-20 05:37:25
37284,44074,1,0,06:40,2026-02-20 06:59:39
37284,44074,1,0,08:40,2026-02-20 09:05:56
37284,44074,1,0,07:20,2026-02-20 07:47:52
37284,44074,1,0,11:20,2026-02-20 11:49:05
37284,44074,1,0,06:20,2026-02-20 06:48:06
37284,44074,1,0,11:40,
40827,22036,2,0,07:14,2026-02-20 07:24:45
40827,22036,2,0,10:19,2026-02-20 10:30:55
40827,22036,2,0,09:44,2026-02-20 09:56:38
40827,22036,2,0,07:44,2026-02-20 07:58:38
40827,22036,2,0,08:19,2026-02-20 08:30:57
12387,54013,1,#,06:13,2026-02-20 06:46:47
37284,44074,1,0,05:40,2026-02-20 06:03:18
37284,44074,1,0,05:25,2026-02-20 05:46:32
37284,44074,1,0,07:40,2026-02-20 08:06:03
37284,44074,1,0,08:20,2026-02-20 08:47:16
37284,44074,1,0,09:20,2026-02-20 09:44:18
37284,44074,1,0,10:20,2026-02-20 10:44:32
37284,44074,1,0,10:40,2026-02-20 11:06:17
37284,44074,1,0,09:40,2026-02-20 10:08:33
12387,54013,1,#,09:07,2026-02-20 09:38:50
12387,54013,1,#,08:07,2026-02-20 08:40:46
12387,54013,1,#,10:02,2026-02-20 10:36:45
12387,54013,1,#,11:02,2026-02-20 11:37:25
12387,54013,1,#,12:07,2026-02-20 12:56:31
40827,22036,2,0,06:44,2026-02-20 06:55:06
40827,22036,2,0,11:14,2026-02-20 11:32:01
40827,22036,2,0,06:14,2026-02-20 06:25:22
40827,22036,2,0,05:44,2026-02-20 05:54:49
40827,22036,2,0,08:49,2026-02-20 09:02:13
40827,22036,2,0,11:49,2026-02-20 12:04:58
40827,22036,2,0,12:19,2026-02-20 12:34:59
40827,22036,2,0,12:49,2026-02-20 13:06:41
37284,44074,1,0,12:20,2026-02-13 12:52:36
12387,54013,1,#,11:02,2026-02-13 11:37:10
12387,54013,1,#,12:07,2026-02-13 12:44:45
37284,44074,1,0,12:45,2026-02-20 13:07:50
37284,44074,1,0,12:20,2026-02-20 12:44:07
37284,44074,1,0,13:20,2026-02-20 13:45:03
12387,54013,1,#,13:07,2026-02-20 13:37:19
12387,54013,1,#,14:17,2026-02-13 14:39:45
12387,54013,1,#,13:07,2026-02-13 13:38:47
12387,54013,1,#,11:02,2026-02-27 11:42:00
12387,54013,1,#,10:02,2026-02-27 10:39:27
37284,44074,1,0,07:40,2026-02-06 08:05:27
37284,44074,1,0,09:40,2026-02-06 10:06:47
37284,44074,1,0,12:20,2026-02-06 12:47:39
37284,44074,1,0,10:40,2026-02-06 11:06:02
37284,44074,1,0,05:40,2026-02-06 06:01:59
12387,54013,1,#,14:17,2026-02-27 14:44:41
37284,44074,1,0,05:25,2026-02-27 05:45:22
37284,44074,1,0,13:50,
37284,44074,1,0,14:45,2026-02-27 15:10:36
40827,22036,2,0,09:44,2026-02-13 09:59:54
40827,22036,2,0,07:14,2026-02-13 07:25:38
40827,22036,2,0,10:19,2026-02-13 10:33:25
40827,22036,2,0,05:44,2026-02-13 05:54:28
40827,22036,2,0,12:19,2026-02-13 12:40:02
40827,22036,2,0,07:44,2026-02-13 07:58:37
40827,22036,2,0,06:14,2026-02-13 06:28:08
40827,22036,2,0,08:49,2026-02-13 09:02:24
40827,22036,2,0,11:49,2026-02-13 12:08:19
40827,22036,2,0,12:49,2026-02-13 13:00:47
40827,22036,2,0,13:19,2026-02-13 13:32:02
40827,22036,2,0,06:44,2026-02-13 06:55:58
40827,22036,2,0,08:19,2026-02-13 08:30:00
40827,22036,2,0,15:00,2026-02-13 15:15:03
37284,44074,1,0,10:20,2026-02-13 10:46:14
37284,44074,1,0,12:45,2026-02-13 13:12:06
37284,44074,1,0,13:20,2026-02-13 13:46:09
37284,44074,1,0,11:20,2026-02-13 11:49:12
54842,28017,1,0,08:50,
54842,40019,1,0,10:50,
54842,28017,1,0,06:50,
54842,40019,1,0,07:50,
54842,28017,1,0,11:50,
12387,54013,1,#,14:17,2026-02-20 14:48:15
54842,28017,1,0,06:50,
54842,40019,1,0,07:50,
54842,40019,1,0,12:50,
37284,44074,1,0,13:50,2026-02-20 14:10:39
37284,44074,1,0,14:45,2026-02-20 15:10:00
54842,28017,1,0,08:50,
54842,40019,1,0,10:50,
54842,28017,1,0,11:50,
37284,44074,1,0,11:40,
37284,44074,1,0,05:25,2026-02-06 05:45:23
12387,54013,1,#,14:17,2026-02-06 14:46:19
54842,40019,1,0,12:50,
40827,22036,2,0,11:14,2026-02-06 11:28:08
40827,22036,2,0,14:00,2026-02-06 14:13:35
40827,22036,2,0,14:30,2026-02-06 14:41:31
40827,22036,2,0,15:00,2026-02-06 15:12:28
54842,28017,1,0,06:50,
54842,28017,1,0,08:50,
54842,28017,1,0,11:50,
54842,40019,1,0,07:50,
54842,40019,1,0,10:50,
54842,40019,1,0,12:50,
37284,44074,1,0,13:50,2026-02-06 14:10:30
37284,44074,1,0,14:45,2026-02-06 15:12:13
40827,22036,2,0,07:14,
40827,22036,2,0,08:49,2026-02-06 09:04:03
40827,22036,2,0,12:49,2026-02-06 13:03:18
40827,22036,2,0,05:44,2026-02-06 05:55:35
40827,22036,2,0,06:14,2026-02-06 06:24:57
40827,22036,2,0,08:19,2026-02-06 08:33:24
40827,22036,2,0,11:49,2026-02-06 12:04:00
40827,22036,2,0,12:19,2026-02-06 12:34:26
40827,22036,2,0,13:19,2026-02-06 13:30:49
40827,22036,2,0,06:44,2026-02-06 06:54:03
40827,22036,2,0,07:44,2026-02-06 07:57:00
40827,22036,2,0,09:44,2026-02-06 09:57:50
37284,44074,1,0,14:45,2026-02-13 15:07:46
40827,22036,2,0,11:14,2026-02-13 11:27:26
40827,22036,2,0,14:00,2026-02-13 14:14:33
40827,22036,2,0,14:30,2026-02-13 14:47:05
54842,40019,1,0,07:50,
12001,49010,1,#,05:00,2026-02-13 05:26:42
12001,49010,1,#,06:55,2026-02-13 07:22:49
12001,49010,1,#,09:55,2026-02-13 10:29:40
12001,49010,1,#,06:00,2026-02-13 06:26:06
37284,54073,1,0,10:10,2026-02-13 10:46:11
37284,54073,1,0,11:10,2026-02-13 11:40:44
46042,13701,2,0,12:15,
46042,13701,2,0,07:15,
46042,13701,2,0,13:15,
37284,54073,1,0,13:45,2026-02-13 14:11:02
46042,13701,2,0,10:15,
37284,54073,1,0,06:20,2026-02-13 06:44:26
37284,54073,1,0,07:40,2026-02-13 08:11:46
46042,13701,2,0,08:15,
37284,54073,1,0,08:15,2026-02-13 08:42:15
12001,49010,1,#,07:55,2026-02-20 08:29:16
12001,49010,1,#,05:00,2026-02-20 05:24:36
12001,49010,1,#,09:55,2026-02-20 10:22:47
46042,13701,2,0,07:15,
37284,54073,1,0,07:15,2026-02-20 07:46:17
37284,54073,1,0,06:20,2026-02-20 06:44:35
12001,49010,1,#,06:00,2026-02-20 06:28:23
12001,49010,1,#,08:55,2026-02-20 09:24:42
12001,49010,1,#,06:55,2026-02-20 07:24:13
46042,13701,2,0,10:15,
37284,54073,1,0,08:15,2026-02-20 08:41:12
46042,13701,2,0,08:15,
37284,54073,1,0,07:40,2026-02-20 08:09:47
46042,13701,2,0,09:15,
37284,54073,1,0,09:15,2026-02-20 09:46:27
37284,54073,1,0,11:10,2026-02-20 11:42:03
37284,54073,1,0,10:10,2026-02-20 10:40:09
40827,24035,1,0,08:55,2026-02-20 09:31:04
46042,13701,2,0,11:15,
46042,13701,2,0,12:15,
46042,13701,2,0,13:15,
37284,54073,1,0,12:45,2026-02-20 13:15:50
37284,54073,1,0,13:15,2026-02-20 13:43:34
46042,13701,2,0,14:15,
37284,54073,1,0,07:15,2026-02-13 07:43:48
12001,49010,1,#,07:55,2026-02-13 08:28:36
12001,49010,1,#,08:55,2026-02-13 09:32:58
12001,49010,1,#,06:55,2026-02-27 07:23:55
12001,49010,1,#,06:00,2026-02-27 06:29:37
12001,49010,1,#,07:55,2026-02-27 08:25:27
12001,49010,1,#,08:55,2026-02-27 09:21:08
37284,54073,1,0,06:20,2026-02-27 06:44:25
46042,13701,2,0,07:15,
46042,13701,2,0,08:15,
46042,13701,2,0,12:15,
46042,13701,2,0,10:15,
46042,13701,2,0,09:15,
37284,54073,1,0,10:10,2026-02-27 10:42:44
46042,13701,2,0,14:15,
37284,54073,1,0,11:10,2026-02-27 11:40:39
46042,13701,2,0,11:15,
37284,54073,1,0,13:45,2026-02-27 14:10:30
37284,54073,1,0,14:45,2026-02-27 15:08:23
12001,49010,1,#,05:00,2026-02-27 05:25:55
12001,49010,1,#,09:55,2026-02-27 10:27:08
46042,13701,2,0,13:15,
46042,13701,2,0,15:15,
32052,44074,2,0,06:55,
32052,44074,2,0,09:55,
32052,44074,2,0,10:55,
32052,44074,2,0,06:25,
37284,54073,1,0,12:45,2026-02-13 13:16:07
46042,13701,2,0,09:15,
37284,54073,1,0,09:15,2026-02-13 09:42:17
46042,13701,2,0,11:15,
32052,44074,2,0,07:25,
32052,44074,2,0,08:25,
32052,44074,2,0,08:55,
32052,49004,1,0,07:25,
32052,44074,2,0,07:55,
46042,13701,2,0,14:15,
32052,44074,2,0,09:25,
32052,49004,1,0,09:25,
32052,44074,2,0,11:25,
32052,44074,2,0,12:55,
32052,44074,2,0,10:25,
32052,49004,1,0,10:25,
32052,44074,2,0,14:55,
32052,44074,2,0,13:25,
32052,44074,2,0,11:55,
32052,44074,2,0,13:55,
32052,44074,2,0,12:25,
32052,49004,1,0,12:25,
32052,44074,2,0,14:25,
32052,49004,1,0,14:25,
37284,54073,1,0,13:45,2026-02-20 14:14:57
37284,54073,1,0,14:45,2026-02-20 15:08:03
32052,44074,2,0,09:55,
32052,49004,1,0,07:25,
32052,44074,2,0,07:25,
32052,44074,2,0,11:55,
32052,44074,2,0,10:55,
32052,44074,2,0,11:25,
32052,44074,2,0,08:25,
32052,44074,2,0,07:55,
32052,44074,2,0,06:25,
32052,44074,2,0,06:55,
32052,44074,2,0,09:25,
32052,49004,1,0,09:25,
32052,44074,2,0,10:25,
32052,49004,1,0,10:25,
32052,44074,2,0,08:55,
32052,44074,2,0,12:25,
32052,49004,1,0,12:25,
32052,44074,2,0,12:55,
32052,44074,2,0,13:25,
32052,44074,2,0,13:55,
37284,54073,1,0,06:20,2026-02-06 06:43:45
37284,54073,1,0,10:10,2026-02-06 10:44:30
37284,54073,1,0,11:10,2026-02-06 11:41:43
32052,49004,1,0,09:25,
32052,49004,1,0,14:25,
32052,49004,1,0,07:25,
32052,49004,1,0,10:25,
32052,49004,1,0,12:25,
37284,54073,1,0,14:45,2026-02-13 15:12:11
46042,13701,2,0,15:15,
40827,24035,1,0,08:55,2026-02-13 09:30:58
37284,54073,1,0,13:15,2026-02-06 13:47:15
37284,54073,1,0,13:45,2026-02-06 14:06:34
37284,54073,1,0,14:45,2026-02-06 15:09:51
12001,49010,1,#,06:55,2026-02-06 07:20:56
12001,49010,1,#,07:55,2026-02-06 08:20:30
12001,49010,1,#,08:55,2026-02-06 09:26:03
12001,49010,1,#,09:55,2026-02-06 10:23:45
37284,54073,1,0,13:15,2026-02-13 13:50:21
32052,49004,1,0,07:25,
32052,44074,2,0,14:55,
32052,44074,2,0,06:55,
32052,44074,2,0,07:25,
32052,44074,2,0,08:25,
32052,44074,2,0,09:25,
32052,44074,2,0,10:25,
32052,44074,2,0,11:25,
32052,44074,2,0,07:55,
32052,44074,2,0,08:55,
32052,44074,2,0,09:55,
32052,44074,2,0,10:55,
32052,44074,2,0,06:25,
32052,44074,2,0,12:55,
32052,44074,2,0,11:55,
32052,44074,2,0,12:25,
32052,44074,2,0,13:25,
54841,22022,2,0,14:20,
37284,37071,1,0,06:40,2026-02-13 07:03:31
37284,37071,1,0,08:40,2026-02-13 09:06:34
37284,37071,1,0,05:40,2026-02-13 06:02:48
37284,37071,1,0,09:40,2026-02-13 10:11:24
37284,37071,1,0,12:40,2026-02-13 13:08:04
37284,37071,1,0,11:40,2026-02-13 12:20:29
37284,37071,1,0,14:50,2026-02-13 15:16:34
37284,37071,1,0,11:15,2026-02-13 11:47:55
37284,37071,1,0,07:20,2026-02-13 07:50:25
37284,37071,1,0,08:15,2026-02-13 08:42:13
37284,37071,1,0,05:20,2026-02-13 05:42:02
37284,37071,1,0,09:20,2026-02-13 09:50:34
37284,37071,1,0,06:20,2026-02-13 06:38:09
37284,37071,1,0,10:40,2026-02-13 11:07:14
54841,22022,2,0,07:25,
54841,22022,2,0,08:20,
54840,12117,2,0,08:50,
54840,12117,2,0,07:20,2026-02-13 07:43:35
54840,12117,2,0,10:50,2026-02-13 11:17:14
54840,12117,2,0,14:20,2026-02-13 14:43:53
54840,12117,2,0,11:20,2026-02-13 11:48:02
54840,12117,2,0,12:50,
54840,12117,2,0,09:50,2026-02-13 10:16:05
54840,12117,2,0,10:20,2026-02-13 10:47:09
54840,12117,2,0,13:50,2026-02-13 14:19:55
54840,12117,2,0,06:20,2026-02-13 06:45:11
54840,12117,2,0,06:50,
54840,12117,2,0,09:20,2026-02-13 09:49:09
54840,12117,2,0,07:50,2026-02-13 08:15:34
54840,12117,2,0,08:20,2026-02-13 08:46:17
54840,12117,2,0,12:20,2026-02-13 12:52:01
54840,12117,2,0,11:50,2026-02-13 12:27:16
37284,37071,1,0,06:40,2026-02-20 07:04:26
37284,37071,1,0,08:40,2026-02-20 09:09:24
37284,37071,1,0,07:20,2026-02-20 07:46:03
37284,37071,1,0,06:20,2026-02-20 06:38:20
54840,12117,2,0,07:20,2026-02-20 07:42:25
54840,12117,2,0,06:50,2026-02-20 07:14:09
54840,12117,2,0,07:50,2026-02-20 08:15:42
54840,12117,2,0,06:20,2026-02-20 06:42:34
54840,12117,2,0,09:50,2026-02-20 10:17:35
54840,12117,2,0,10:20,
54840,12117,2,0,12:50,
54840,12117,2,0,08:20,
54840,12117,2,0,08:50,2026-02-20 09:21:08
37284,37071,1,0,05:20,2026-02-20 05:41:35
37284,37071,1,0,05:40,2026-02-20 06:01:35
37284,37071,1,0,11:40,2026-02-20 12:24:02
37284,37071,1,0,08:15,2026-02-20 08:44:44
37284,37071,1,0,07:40,2026-02-20 08:11:52
37284,37071,1,0,10:15,2026-02-20 10:52:37
37284,37071,1,0,09:20,2026-02-20 09:48:19
37284,37071,1,0,10:40,2026-02-20 11:07:29
37284,37071,1,0,09:40,2026-02-20 10:10:27
54841,22022,2,0,08:20,
54841,22022,2,0,07:25,
37284,37071,1,0,07:40,2026-02-13 08:09:39
54841,22022,2,0,07:25,
54841,22022,2,0,08:20,
37284,37071,1,0,08:15,2026-02-27 08:44:12
37284,37071,1,0,12:15,2026-02-27 12:50:55
37284,37071,1,0,13:55,2026-02-27 14:23:15
37284,37071,1,0,10:15,2026-02-27 10:45:19
37284,37071,1,0,11:15,2026-02-27 11:50:26
37284,37071,1,0,05:20,2026-02-06 05:44:08
37284,37071,1,0,06:20,2026-02-06 06:39:56
37284,37071,1,0,09:40,2026-02-06 10:14:25
37284,37071,1,0,11:40,2026-02-06 12:22:12
37284,37071,1,0,10:40,2026-02-06 11:10:29
37284,37071,1,0,05:40,2026-02-06 06:01:02
54840,12117,2,0,06:50,
54840,12117,2,0,10:50,2026-02-06 11:14:31
54840,12117,2,0,06:20,2026-02-06 06:44:35
54840,12117,2,0,07:20,2026-02-06 07:43:50
54840,12117,2,0,07:50,
54840,12117,2,0,08:20,2026-02-06 08:45:17
54840,12117,2,0,08:50,
54840,12117,2,0,09:50,2026-02-06 10:17:26
54840,12117,2,0,14:20,2026-02-06 14:42:24
54840,12117,2,0,11:20,2026-02-06 11:48:02
54840,12117,2,0,11:50,2026-02-06 12:22:31
54840,12117,2,0,12:20,2026-02-06 12:54:38
54840,12117,2,0,12:50,2026-02-06 13:17:15
54840,12117,2,0,09:20,
54840,12117,2,0,10:20,2026-02-06 10:44:14
37284,37071,1,0,08:15,2026-02-06 08:44:23
37284,37071,1,0,10:15,2026-02-06 10:41:38
37284,37071,1,0,11:15,2026-02-06 11:47:06
37284,37071,1,0,12:15,2026-02-06 12:47:42
54840,12117,2,0,13:20,
54840,12117,2,0,09:50,
54840,12117,2,0,06:20,2026-02-27 06:46:23
54840,12117,2,0,07:50,2026-02-27 08:12:38
54840,12117,2,0,07:20,2026-02-27 07:44:07
54840,12117,2,0,08:50,
54840,12117,2,0,08:20,
54840,12117,2,0,11:50,2026-02-27 12:21:39
54840,12117,2,0,06:50,2026-02-27 07:15:33
54840,12117,2,0,10:50,
54840,12117,2,0,12:20,2026-02-27 12:50:41
54840,12117,2,0,09:20,2026-02-27 09:50:28
54840,12117,2,0,10:20,
54840,12117,2,0,12:50,2026-02-27 13:18:42
54840,12117,2,0,11:20,2026-02-27 11:46:30
54840,12117,2,0,13:50,2026-02-27 14:19:50
54840,12117,2,0,13:20,2026-02-27 13:47:49
54840,12117,2,0,14:20,2026-02-27 14:48:58
54840,12117,2,0,14:50,2026-02-27 15:23:01
54841,22022,2,0,13:20,
37284,37071,1,0,14:50,2026-02-27 15:10:22
37284,37071,1,0,11:15,2026-02-20 11:49:10
37284,37071,1,0,12:15,2026-02-20 12:48:35
37284,37071,1,0,13:20,2026-02-20 13:51:04
37284,37071,1,0,12:40,2026-02-20 13:05:28
37284,37071,1,0,13:55,2026-02-20 14:19:59
37284,37071,1,0,14:50,2026-02-20 15:14:22
54841,22022,2,0,13:20,
54841,22022,2,0,14:20,
54841,22022,2,0,14:20,
54841,22022,2,0,07:25,
54841,22022,2,0,08:20,
54841,22022,2,0,13:20,
54840,12117,2,0,13:20,2026-02-06 13:50:31
54840,12117,2,0,13:50,2026-02-06 14:15:38
37284,37071,1,0,13:20,2026-02-13 13:56:08
54841,22022,2,0,13:20,
37284,37071,1,0,10:15,2026-02-13 10:44:10
37284,37071,1,0,13:55,2026-02-13 14:22:12
37284,37071,1,0,12:15,2026-02-13 12:51:07
54840,12117,2,0,14:50,2026-02-13 15:21:10
54840,12117,2,0,14:50,2026-02-06 15:19:37
37284,37071,1,0,14:50,2026-02-06 15:18:11
37284,37071,1,0,13:55,2026-02-06 14:25:27
37284,37071,1,0,07:20,
37284,37071,1,0,07:40,2026-02-06 08:16:34
37284,37071,1,0,08:40,2026-02-06 09:09:33
37284,37071,1,0,09:20,2026-02-06 09:51:25
37284,37071,1,0,06:40,2026-02-06 07:02:43
37284,37071,1,0,09:20,2026-02-27 09:50:14
32052,37071,2,0,11:55,
32052,37071,2,0,10:55,
54842,51021,1,0,06:25,
54842,51021,1,0,11:50,
32052,54073,2,0,10:55,
32052,37071,2,0,11:25,
32052,54073,2,0,11:25,
32052,37071,2,0,08:25,
32052,54073,2,0,08:25,
32052,54073,2,0,06:25,
32052,37071,2,0,06:55,
32052,37071,2,0,07:55,
32052,37071,2,0,06:25,
32052,37071,2,0,08:55,
32052,37071,2,0,09:25,
32052,37071,2,0,10:25,
32052,54073,2,0,10:25,
32052,54073,2,0,09:25,
32052,37071,2,0,12:25,
32052,54073,2,0,12:25,
32052,37071,2,0,12:55,
32052,54073,2,0,13:25,
37123,29012,1,0,07:40,
12387,40014,1,#,05:20,2026-02-06 05:35:35
12387,40014,1,#,05:38,2026-02-06 05:54:46
12387,40014,1,#,06:38,2026-02-06 06:53:31
32052,37071,2,0,06:55,
32052,54073,2,0,14:55,
12387,40014,1,#,11:48,2026-02-06 12:19:19
12387,40014,1,#,14:18,2026-02-06 14:35:30
12387,40014,1,#,12:48,2026-02-06 13:12:44
12387,40014,1,#,07:48,2026-02-06 08:10:30
12387,40014,1,#,08:48,2026-02-06 09:11:06
12387,40014,1,#,09:48,2026-02-06 10:11:57
12387,40014,1,#,10:48,2026-02-06 11:10:00
35377,23044,2,0,06:15,
35377,23044,2,0,05:45,
35377,23044,2,0,07:50,
35377,23044,2,0,12:45,
35377,23044,2,0,08:14,
35377,23044,2,0,06:35,
35377,23044,2,0,07:10,
35377,23044,2,0,07:17,
35377,23044,2,0,10:14,
35377,23044,2,0,09:14,
35377,23044,2,0,13:14,
35377,23044,2,0,13:45,
35377,23044,2,0,11:45,
35377,23044,2,0,14:14,
35377,23044,2,0,14:45,
35377,23044,2,0,08:45,
35377,23044,2,0,09:45,
35377,23044,2,0,10:45,
35377,23044,2,0,11:14,
35377,23044,2,0,12:14,
54842,51021,1,0,13:50,
54842,51021,1,0,11:50,
54842,51021,1,0,06:25,
12387,40014,1,#,13:48,2026-02-06 14:08:39
37123,29012,1,0,14:40,
37123,29012,1,0,07:40,
35377,23044,2,0,06:35,
35377,23044,2,0,13:45,
35377,23044,2,0,14:45,
35377,23044,2,0,05:45,
35377,23044,2,0,07:50,
35377,23044,2,0,09:45,
35377,23044,2,0,12:45,
35377,23044,2,0,08:45,
35377,23044,2,0,10:45,
32052,54073,2,0,14:25,
35377,23044,2,0,11:45,
12387,40014,1,#,14:48,2026-02-06 15:02:53
12387,45012,1,#,14:16,
12387,45012,1,#,05:20,2026-02-06 05:35:46
12387,40014,1,#,06:18,2026-02-06 06:40:40
12387,40014,1,#,07:18,2026-02-06 07:38:19
12387,40014,1,#,08:18,2026-02-06 08:36:14
12387,45012,1,#,09:16,2026-02-06 09:38:36
12387,40014,1,#,09:18,2026-02-06 09:36:44
12387,40014,1,#,10:18,2026-02-06 10:37:31
12387,40014,1,#,11:18,2026-02-06 11:43:01
12387,45012,1,#,12:16,2026-02-06 12:42:47
12387,45012,1,#,07:16,2026-02-06 07:34:15
12387,45012,1,#,13:16,2026-02-06 13:35:07
12387,40014,1,#,13:18,2026-02-06 13:40:15
12387,45012,1,#,08:16,2026-02-06 08:37:10
12387,45012,1,#,10:16,2026-02-06 10:35:47
12387,45012,1,#,11:16,2026-02-06 11:38:30
37123,29012,1,0,12:40,
37123,29012,1,0,13:40,
37123,29012,1,0,08:40,
37123,29012,1,0,09:40,
37123,29012,1,0,05:40,
37123,29012,1,0,10:40,
37123,29012,1,0,06:40,
37123,29012,1,0,11:40,
12387,40014,1,#,13:48,2026-02-27 14:11:30
32052,37071,2,0,06:55,
32052,37071,2,0,14:55,
37123,29012,1,0,14:40,
32052,37071,2,0,14:55,
32052,37071,2,0,08:25,
32052,54073,2,0,10:25,
32052,37071,2,0,10:55,
32052,54073,2,0,10:55,
32052,37071,2,0,11:25,
32052,37071,2,0,06:25,
32052,37071,2,0,13:55,
32052,54073,2,0,07:25,
32052,37071,2,0,07:55,
32052,37071,2,0,08:55,
32052,37071,2,0,09:25,
32052,54073,2,0,09:25,
32052,37071,2,0,09:55,
32052,37071,2,0,10:25,
32052,54073,2,0,11:25,
32052,54073,2,0,06:25,
32052,37071,2,0,07:25,
32052,54073,2,0,08:25,
32052,54073,2,0,12:25,
32052,37071,2,0,11:55,
32052,37071,2,0,12:25,
32052,37071,2,0,12:55,
32052,37071,2,0,13:25,
32052,54073,2,0,13:25,
32052,54073,2,0,13:55,
12387,45012,1,#,06:20,2026-02-06 06:38:21
12387,40014,1,#,14:18,
35377,23044,2,0,06:15,
35377,23044,2,0,07:17,
35377,23044,2,0,09:14,
35377,23044,2,0,11:14,
35377,23044,2,0,14:14,
12387,40014,1,#,07:18,2026-02-27 07:38:04
12387,40014,1,#,09:18,2026-02-27 09:41:07
12387,45012,1,#,07:16,2026-02-27 07:32:05
12387,40014,1,#,06:18,2026-02-27 06:38:27
12387,45012,1,#,09:16,2026-02-27 09:39:11
12387,45012,1,#,05:20,2026-02-27 05:35:57
12387,40014,1,#,08:18,2026-02-27 08:36:50
35377,23044,2,0,08:14,
35377,23044,2,0,13:14,
35377,23044,2,0,07:10,
35377,23044,2,0,10:14,
35377,23044,2,0,12:14,
35377,23044,2,0,05:45,
35377,23044,2,0,07:17,
35377,23044,2,0,06:35,
35377,23044,2,0,07:50,
12387,40014,1,#,12:08,2026-02-06 12:38:58
13116,34026,1,#,14:15,
31424,23044,1,0,11:10,2026-02-13 11:48:21
31424,23044,1,0,05:35,2026-02-13 05:58:07
31424,23044,1,0,06:28,2026-02-13 06:49:25
31424,23044,1,0,07:20,2026-02-13 07:50:46
31424,23044,1,0,14:28,2026-02-13 14:57:08
11038,15023,2,#,08:35,
11038,15023,2,#,09:35,
11038,15023,2,#,11:20,
11038,15023,2,#,13:35,
11038,15023,2,#,06:20,
11038,15023,2,#,07:20,
11038,15023,2,#,06:45,
11038,15023,2,#,10:35,
11038,15023,2,#,09:20,
11038,15023,2,#,07:35,
11038,15023,2,#,08:20,
11038,15023,2,#,10:20,
11038,15023,2,#,14:20,
31424,23044,1,0,06:28,2026-02-20 06:54:28
31424,23044,1,0,07:48,2026-02-20 08:30:51
31424,23044,1,0,09:48,2026-02-20 10:33:02
31424,23044,1,0,10:48,2026-02-20 11:26:33
31424,23044,1,0,07:20,2026-02-20 07:48:43
31424,23044,1,0,06:10,2026-02-20 06:38:07
31424,23044,1,0,05:35,2026-02-20 05:57:07
11038,15023,2,#,11:20,
11038,15023,2,#,07:20,
11038,15023,2,#,11:35,
11038,15023,2,#,06:20,
11038,15023,2,#,08:35,
11038,15023,2,#,06:45,
11038,15023,2,#,07:35,
11038,15023,2,#,08:20,
31424,23044,1,0,07:00,2026-02-20 07:27:42
31424,23044,1,0,08:15,2026-02-20 08:45:02
31424,23044,1,0,08:48,2026-02-20 09:25:12
31424,23044,1,0,09:20,2026-02-20 09:48:26
31424,23044,1,0,10:20,2026-02-20 10:53:55
31424,23044,1,0,11:10,2026-02-20 11:51:19
31424,23044,1,0,11:48,2026-02-20 12:31:42
31424,23044,1,0,12:20,2026-02-20 12:57:05
31424,23044,1,0,12:48,2026-02-20 13:22:06
31424,23044,1,0,13:20,2026-02-20 13:52:43
11038,15023,2,#,14:35,
11038,15023,2,#,11:35,
11038,15023,2,#,12:20,
11038,15023,2,#,12:35,
13116,34026,1,#,13:25,2026-02-13 13:50:14
13116,34026,1,#,15:00,2026-02-13 15:24:24
13116,34026,1,#,12:25,2026-02-13 12:52:40
31424,23044,1,0,07:20,2026-02-27 07:48:39
31424,23044,1,0,05:35,2026-02-27 06:00:19
31424,23044,1,0,11:10,2026-02-27 11:46:19
31424,23044,1,0,06:28,2026-02-27 06:52:21
11038,15023,2,#,08:20,
11038,15023,2,#,07:20,
11038,15023,2,#,06:20,
11038,15023,2,#,07:35,
11038,15023,2,#,10:35,
11038,15023,2,#,11:20,
11038,15023,2,#,09:20,
11038,15023,2,#,08:35,
11038,15023,2,#,09:35,
11038,15023,2,#,14:35,
11038,15023,2,#,12:35,
11038,15023,2,#,13:35,
11038,15023,2,#,11:35,
11038,15023,2,#,14:20,
13116,34026,1,#,12:25,2026-02-27 12:55:05
13116,34026,1,#,13:25,2026-02-27 13:56:18
13116,34026,1,#,14:15,2026-02-27 14:42:01
11038,15023,2,#,13:20,
31424,23044,1,0,13:48,2026-02-20 14:25:11
31424,23044,1,0,14:28,2026-02-20 14:52:22
13116,34026,1,#,12:25,2026-02-20 12:48:05
13116,34026,1,#,13:25,2026-02-20 13:49:47
13116,34026,1,#,14:15,2026-02-20 14:39:52
11038,15023,2,#,09:20,
11038,15023,2,#,09:35,
11038,15023,2,#,10:20,
11038,15023,2,#,10:35,
31424,23044,1,0,11:48,2026-02-06 12:35:19
31424,23044,1,0,05:35,2026-02-06 05:59:04
31424,23044,1,0,07:20,2026-02-06 07:52:33
31424,23044,1,0,11:10,2026-02-06 11:40:04
31424,23044,1,0,06:28,2026-02-06 06:53:38
31424,23044,1,0,14:28,2026-02-06 14:58:36
31424,23044,1,0,06:10,2026-02-06 06:37:06
31424,23044,1,0,10:20,2026-02-06 11:02:05
31424,23044,1,0,07:00,2026-02-06 07:30:56
31424,23044,1,0,07:48,2026-02-06 08:27:06
31424,23044,1,0,09:20,2026-02-06 09:59:04
31424,23044,1,0,13:48,2026-02-06 14:23:37
31424,23044,1,0,08:15,2026-02-06 08:50:50
31424,23044,1,0,08:48,2026-02-06 09:25:51
31424,23044,1,0,09:48,2026-02-06 10:29:38
31424,23044,1,0,13:20,2026-02-06 13:55:52
31424,23044,1,0,10:48,2026-02-06 11:32:32
31424,23044,1,0,12:20,2026-02-06 13:03:03
31424,23044,1,0,12:48,2026-02-06 13:23:02
31424,23044,1,0,09:20,2026-02-13 09:52:17
31424,23044,1,0,12:20,2026-02-13 12:58:56
31424,23044,1,0,13:20,2026-02-13 14:01:47
31424,23044,1,0,06:10,2026-02-13 06:32:49
31424,23044,1,0,07:00,2026-02-13 07:26:59
31424,23044,1,0,08:15,2026-02-13 08:49:26
31424,23044,1,0,10:20,2026-02-13 11:02:59
13116,34026,1,#,15:00,2026-02-06 15:22:54
11038,15023,2,#,06:45,
11038,15023,2,#,10:20,
11038,15023,2,#,12:20,
11038,15023,2,#,13:20,
31424,23044,1,0,14:28,2026-02-27 14:57:37
31424,23044,1,0,09:48,2026-02-13 10:22:52
31424,23044,1,0,13:48,2026-02-13 14:24:20
31424,23044,1,0,12:48,2026-02-13 13:29:42
31424,23044,1,0,10:48,2026-02-13 11:25:53
31424,23044,1,0,11:48,2026-02-13 12:41:15
31424,23044,1,0,07:48,2026-02-13 08:20:48
31424,23044,1,0,08:48,2026-02-13 09:26:50
31424,23044,1,0,08:48,2026-02-27 09:27:19
31424,23044,1,0,07:48,2026-02-27 08:19:02
31424,23044,1,0,09:20,2026-02-27 09:50:59
31424,23044,1,0,08:15,2026-02-27 08:44:47
31424,23044,1,0,06:10,2026-02-27 06:35:45
31424,23044,1,0,07:00,2026-02-27 07:32:20
11038,15023,2,#,09:20,
11038,15023,2,#,06:45,
11038,15023,2,#,10:20,
11038,15023,2,#,11:20,
31424,23044,1,0,09:48,2026-02-27 10:21:02
31424,23044,1,0,10:20,2026-02-27 10:51:53
31424,23044,1,0,11:48,2026-02-27 12:34:40
31424,23044,1,0,10:48,2026-02-27 11:29:01
31424,23044,1,0,12:48,2026-02-27 13:29:22
31424,23044,1,0,12:20,2026-02-27 12:59:45
31424,23044,1,0,13:20,2026-02-27 13:52:10
31424,23044,1,0,13:48,2026-02-27 14:17:23
11038,15023,2,#,12:20,
11038,15023,2,#,09:35,
11038,15023,2,#,06:20,
11038,15023,2,#,12:35,
12001,36044,1,#,05:55,2026-02-13 06:18:35
11038,20021,2,#,08:40,
11038,20021,2,#,09:40,
11038,20021,2,#,11:20,
11038,20021,2,#,13:40,
37123,33011,2,0,06:20,2026-02-13 06:58:30
11038,20021,2,#,11:40,
11038,20021,2,#,10:40,
11038,20021,2,#,09:20,
11038,20021,2,#,10:20,
11038,20021,2,#,14:40,
11038,20021,2,#,12:20,
12001,36044,1,#,06:58,2026-02-20 07:20:35
12001,36044,1,#,08:00,2026-02-20 08:21:55
12001,36044,1,#,11:55,2026-02-20 12:19:34
12001,36044,1,#,10:00,2026-02-20 10:24:48
11038,20021,2,#,11:20,
11038,20021,2,#,08:40,
37123,33011,2,0,07:15,2026-02-20 07:59:52
37123,33011,2,0,06:20,2026-02-20 06:57:10
11038,20021,2,#,11:40,
11038,20021,2,#,14:40,
37123,33011,2,0,13:15,2026-02-20 13:55:23
37123,33011,2,0,05:20,2026-02-20 05:56:15
37123,33011,2,0,08:15,2026-02-20 09:00:55
11038,20021,2,#,09:20,
12001,36044,1,#,05:55,2026-02-20 06:21:44
12000,36044,2,#,07:20,
12000,36044,2,#,06:20,
12000,36044,2,#,09:15,
11038,20021,2,#,12:40,
12000,36044,2,#,11:15,
12000,36044,2,#,09:15,
12000,36044,2,#,06:20,
12000,36044,2,#,07:20,
12001,36044,1,#,06:58,2026-02-13 07:21:28
12001,36044,1,#,08:00,2026-02-13 08:24:00
12001,36044,1,#,11:55,2026-02-13 12:18:58
12001,36044,1,#,10:00,2026-02-13 10:25:51
12001,36044,1,#,13:05,2026-02-13 13:30:26
12001,36044,1,#,10:00,2026-02-27 10:24:14
12001,36044,1,#,05:55,2026-02-27 06:19:20
12001,36044,1,#,06:58,2026-02-27 07:22:17
12001,36044,1,#,08:00,2026-02-27 08:23:51
12000,36044,2,#,13:30,
12000,36044,2,#,12:20,
12000,36044,2,#,07:20,
12000,36044,2,#,06:20,
12000,36044,2,#,11:15,
12000,36044,2,#,09:15,
12000,36044,2,#,13:30,
11038,20021,2,#,10:20,
11038,20021,2,#,11:40,
11038,20021,2,#,14:20,
11038,20021,2,#,14:40,
11038,20021,2,#,09:20,
11038,20021,2,#,09:40,
11038,20021,2,#,10:40,
11038,20021,2,#,11:20,
37123,33011,2,0,10:15,2026-02-06 11:37:02
37123,33011,2,0,12:15,2026-02-06 12:59:02
37123,33011,2,0,05:20,2026-02-06 05:55:50
37123,33011,2,0,07:15,2026-02-06 07:58:00
37123,33011,2,0,08:15,2026-02-06 09:08:20
37123,33011,2,0,09:15,2026-02-06 10:00:37
37123,33011,2,0,14:15,2026-02-06 14:48:06
37123,33011,2,0,11:15,2026-02-06 12:04:13
11038,20021,2,#,14:20,
11038,20021,2,#,08:40,
37123,33011,2,0,06:20,2026-02-27 06:58:34
12001,36044,1,#,11:55,2026-02-27 12:18:51
12001,36044,1,#,13:05,2026-02-27 13:29:10
12000,36044,2,#,12:20,
12001,36044,1,#,13:05,2026-02-20 13:28:06
54842,30016,1,0,07:50,
54842,30016,1,0,05:35,
12000,36044,2,#,11:15,
54842,30016,1,0,12:50,
54842,30016,1,0,10:50,
12000,36044,2,#,13:30,
12000,36044,2,#,12:20,
11038,20021,2,#,10:20,
37123,33011,2,0,10:15,2026-02-20 10:53:13
54842,30016,1,0,10:50,
54842,30016,1,0,12:50,
54842,30016,1,0,07:50,
11038,20021,2,#,13:20,
37123,33011,2,0,11:15,2026-02-13 12:02:26
37123,33011,2,0,12:15,2026-02-13 13:00:34
37123,33011,2,0,13:15,2026-02-13 13:53:57
37123,33011,2,0,10:15,2026-02-13 10:55:44
37123,33011,2,0,09:15,2026-02-13 09:58:06
37123,33011,2,0,07:15,2026-02-13 07:50:58
54842,30016,1,0,07:50,
54842,30016,1,0,10:50,
54842,30016,1,0,12:50,
37123,33011,2,0,13:15,2026-02-06 13:54:00
37123,33011,2,0,08:15,2026-02-13 08:59:10
37123,33011,2,0,05:20,2026-02-13 05:59:15
37123,33011,2,0,14:15,2026-02-13 14:48:44
54842,30016,1,0,07:50,
54842,30016,1,0,10:50,
12000,36044,2,#,11:15,
12000,36044,2,#,09:15,
12000,36044,2,#,06:20,
12001,36044,1,#,05:55,2026-02-06 06:16:59
12001,36044,1,#,08:00,2026-02-06 08:33:14
11038,20021,2,#,12:20,
11038,20021,2,#,13:40,
11038,20021,2,#,12:40,
11038,20021,2,#,13:20,
12001,36044,1,#,10:00,2026-02-06 10:23:38
12001,36044,1,#,11:55,2026-02-06 12:19:52
12001,36044,1,#,13:05,2026-02-06 13:28:05
12000,36044,2,#,12:20,
12000,36044,2,#,13:30,
11038,20021,2,#,08:40,
11038,20021,2,#,09:20,
37123,33011,2,0,05:20,2026-02-27 05:56:48
37123,33011,2,0,07:15,2026-02-27 07:50:40
37123,33011,2,0,08:15,2026-02-27 09:02:46
37123,33011,2,0,10:15,2026-02-27 10:57:39
11038,20021,2,#,10:20,
37123,33011,2,0,09:15,2026-02-27 10:03:36
11038,20021,2,#,09:40,
11038,20021,2,#,10:40,
37123,33011,2,0,11:15,2026-02-27 12:06:49
11038,20021,2,#,11:40,
37123,33011,2,0,12:15,2026-02-27 13:02:53
54842,30016,1,0,12:50,
54842,30016,1,0,05:35,
54842,30016,1,0,05:35,
37123,33011,2,0,06:20,2026-02-06 06:57:03
54842,30016,1,0,05:35,
11038,20021,2,#,12:20,
11038,20021,2,#,12:40,
11038,20021,2,#,11:20,
11038,20021,2,#,14:40,
37123,33011,2,0,13:15,
11038,20021,2,#,13:20,
11038,20021,2,#,13:40,
37123,33011,2,0,09:15,2026-02-20 09:59:57
11038,20021,2,#,10:40,
11038,20021,2,#,09:40,
37123,33011,2,0,11:15,2026-02-20 12:03:35
11038,20021,2,#,12:40,
37123,33011,2,0,12:15,2026-02-20 12:57:58
42220,35018,1,5,08:00,
42220,35018,1,5,06:00,
42220,35018,1,5,10:00,
42220,35018,1,5,09:00,
42220,35018,1,5,07:00,
42220,35018,1,5,11:00,
42220,35018,1,5,14:00,
42220,35018,1,5,12:00,
42220,35018,1,5,07:00,
42220,35018,1,5,09:00,
42220,35018,1,5,06:00,
42220,35018,1,5,15:00,
42220,35018,1,5,08:00,
42218,35018,2,5,07:20,2026-02-20 07:41:17
42218,35018,2,5,15:20,2026-02-20 15:43:59
42218,35018,2,5,12:10,2026-02-20 12:32:42
42218,35018,2,5,06:20,2026-02-20 06:44:39
42218,35018,2,5,08:15,2026-02-20 08:42:36
42220,35018,1,5,10:00,
42220,35018,1,5,11:00,
42220,35018,1,5,12:00,
42220,35018,1,5,13:00,
42220,35018,1,5,08:00,
42220,35018,1,5,09:00,
42218,35018,2,5,06:20,2026-02-13 06:42:51
42218,35018,2,5,08:15,2026-02-13 08:44:10
42218,35018,2,5,13:50,2026-02-13 14:23:47
42218,35018,2,5,09:15,2026-02-13 09:43:10
42218,35018,2,5,07:20,2026-02-13 07:44:05
42218,35018,2,5,11:10,2026-02-13 11:38:59
42218,35018,2,5,12:10,2026-02-13 12:37:52
42218,35018,2,5,10:15,2026-02-13 10:41:51
42218,35018,2,5,09:15,2026-02-20 09:37:58
42218,35018,2,5,10:15,2026-02-20 10:45:41
42218,35018,2,5,11:10,2026-02-20 11:39:17
42220,35018,1,5,14:00,
42218,35018,2,5,06:20,2026-02-06 06:44:26
42218,35018,2,5,07:20,2026-02-06 08:14:44
42218,35018,2,5,13:10,2026-02-06 13:34:47
42218,35018,2,5,12:10,2026-02-06 12:36:26
42218,35018,2,5,15:20,2026-02-06 15:41:43
42218,35018,2,5,10:15,2026-02-06 10:40:15
42218,35018,2,5,11:10,2026-02-06 11:40:04
42220,35018,1,5,12:00,
42220,35018,1,5,07:00,
42220,35018,1,5,13:00,
42220,35018,1,5,06:00,
42220,35018,1,5,13:00,
42218,35018,2,5,13:10,2026-02-13 13:37:05
42218,35018,2,5,15:20,2026-02-13 15:41:42
42220,35018,1,5,15:00,
42218,35018,2,5,08:15,2026-02-27 08:41:59
42218,35018,2,5,06:20,2026-02-27 06:44:31
42218,35018,2,5,09:15,2026-02-27 09:39:21
42218,35018,2,5,07:20,2026-02-27 07:47:44
42218,35018,2,5,11:10,2026-02-27 11:33:04
42218,35018,2,5,12:10,
42218,35018,2,5,13:50,2026-02-06 14:16:04
42220,35018,1,5,08:00,
42220,35018,1,5,09:00,
42220,35018,1,5,10:00,
42220,35018,1,5,11:00,
42220,35018,1,5,13:00,
42220,35018,1,5,14:00,
42220,35018,1,5,06:00,
42220,35018,1,5,07:00,
42220,35018,1,5,12:00,
42220,35018,1,5,10:00,
42220,35018,1,5,14:00,
42220,35018,1,5,11:00,
42218,35018,2,5,13:50,2026-02-27 14:24:20
42218,35018,2,5,10:15,2026-02-27 10:42:23
42220,35018,1,5,15:00,
42218,35018,2,5,13:10,2026-02-27 13:32:04
42218,35018,2,5,15:20,2026-02-27 15:44:40
42220,35018,1,5,15:00,
42218,35018,2,5,13:10,2026-02-20 13:33:14
42218,35018,2,5,13:50,2026-02-20 14:13:47
42218,35018,2,5,08:15,2026-02-06 08:33:21
42218,35018,2,5,09:15,2026-02-06 09:41:53
14730,54013,2,#,09:30,
14730,54013,2,#,11:30,
14730,54013,2,#,10:30,
14730,54013,2,#,08:30,
37123,33011,1,0,06:40,
37123,33011,1,0,05:40,
37123,33011,1,0,09:40,
37123,33011,1,0,13:40,
37123,33011,1,0,08:40,
37123,33011,1,0,07:40,
37123,33011,1,0,10:40,
14730,54013,2,#,09:30,
14730,54013,2,#,10:30,
14730,54013,2,#,11:30,
37123,33011,1,0,06:40,
37123,33011,1,0,08:40,
37123,33011,1,0,11:40,
37123,33011,1,0,14:40,
37123,33011,1,0,09:40,
37123,33011,1,0,05:40,
37123,33011,1,0,07:40,
37123,33011,1,0,11:40,
37123,33011,1,0,12:40,
14730,54013,2,#,08:30,
14730,54013,2,#,12:30,
14730,54013,2,#,08:30,
14730,54013,2,#,09:30,
14730,54013,2,#,11:30,
14730,54013,2,#,10:30,
37123,33011,1,0,07:40,
37123,33011,1,0,06:40,
37123,33011,1,0,09:40,
37123,33011,1,0,08:40,
37123,33011,1,0,05:40,
37123,33011,1,0,10:40,
37123,33011,1,0,11:40,
37123,33011,1,0,12:40,
37123,33011,1,0,13:40,
37123,33011,1,0,14:40,
14730,54013,2,#,13:30,
14730,54013,2,#,12:30,
14730,54013,2,#,14:43,
14730,54013,2,#,13:30,
14730,54013,2,#,14:43,
37123,33011,1,0,14:40,
14730,54013,2,#,14:43,
37123,33011,1,0,06:40,
37123,33011,1,0,07:40,
37123,33011,1,0,11:40,
37123,33011,1,0,08:40,
37123,33011,1,0,09:40,
37123,33011,1,0,05:40,
37123,33011,1,0,10:40,
37123,33011,1,0,13:40,
37123,33011,1,0,14:40,
14730,54013,2,#,08:30,
14730,54013,2,#,09:30,
14730,54013,2,#,11:30,
14730,54013,2,#,10:30,
14730,54013,2,#,12:30,
14730,54013,2,#,13:30,
37123,33011,1,0,12:40,
14730,54013,2,#,12:30,
14730,54013,2,#,14:43,
14730,54013,2,#,13:30,
37123,33011,1,0,10:40,
37123,33011,1,0,12:40,
37123,33011,1,0,13:40,
12387,61015,1,#,10:16,2026-02-13 10:38:40
12387,61015,1,#,07:16,2026-02-13 07:35:16
12387,61015,1,#,12:16,
12387,61015,1,#,08:16,2026-02-13 08:40:06
12387,61015,1,#,09:16,
12387,61015,1,#,13:16,2026-02-13 13:35:33
12387,61015,1,#,06:18,2026-02-13 06:38:10
12387,61015,1,#,05:23,2026-02-13 05:39:00
12387,61015,1,#,11:16,2026-02-13 11:41:22
37123,30037,2,0,11:15,
54840,22022,1,0,06:55,2026-02-13 07:12:47
12387,61015,1,#,10:16,2026-02-20 10:39:44
12387,61015,1,#,06:18,2026-02-20 06:34:53
12387,61015,1,#,08:16,2026-02-20 08:38:27
12387,61015,1,#,09:16,
54839,51021,2,0,07:20,
54839,28017,2,0,07:20,2026-02-20 07:44:12
54839,28017,2,0,12:15,2026-02-20 12:44:10
54839,51021,2,0,12:15,
54840,22022,1,0,06:55,2026-02-20 07:11:23
54840,22022,1,0,07:55,2026-02-20 08:13:44
12387,61015,1,#,13:16,2026-02-20 13:40:50
54839,51021,2,0,07:20,
37123,30037,2,0,14:50,
54839,28017,2,0,07:20,
37123,30037,2,0,13:40,
54840,22022,1,0,07:55,2026-02-13 08:14:25
54839,28017,2,0,09:20,2026-02-13 09:43:48
54839,51021,2,0,12:15,2026-02-13 12:44:58
37123,30037,2,0,09:15,
54839,51021,2,0,14:15,2026-02-13 14:43:19
54839,28017,2,0,12:15,
54840,22022,1,0,14:00,2026-02-13 14:18:36
12387,61015,1,#,05:23,2026-02-20 05:42:07
12387,61015,1,#,07:16,
12387,61015,1,#,11:16,2026-02-20 11:42:16
12387,61015,1,#,12:16,2026-02-20 12:41:36
12387,61015,1,#,14:16,2026-02-20 14:33:06
12387,61015,1,#,14:16,2026-02-13 14:31:29
12387,61015,1,#,07:16,2026-02-27 07:37:59
12387,61015,1,#,09:16,
12387,61015,1,#,10:16,2026-02-27 10:35:18
12387,61015,1,#,08:16,2026-02-27 08:42:29
12387,61015,1,#,11:16,2026-02-27 11:44:49
12387,61015,1,#,05:23,2026-02-27 05:39:16
12387,61015,1,#,12:16,
12387,61015,1,#,06:18,2026-02-27 06:36:45
12387,61015,1,#,13:16,2026-02-27 13:38:23
12387,61015,1,#,14:16,2026-02-27 14:32:10
54839,28017,2,0,07:20,2026-02-27 07:41:15
37123,30037,2,0,09:15,
54840,22022,1,0,06:55,2026-02-27 07:11:47
54840,22022,1,0,07:55,2026-02-27 08:14:48
54839,51021,2,0,07:20,
37123,30037,2,0,11:15,
54839,51021,2,0,12:15,2026-02-27 12:41:45
54839,28017,2,0,09:20,2026-02-27 09:41:00
54839,51021,2,0,14:15,2026-02-27 14:45:42
54839,51021,2,0,07:20,
54839,28017,2,0,09:20,2026-02-06 09:44:22
54839,28017,2,0,12:15,
54840,22022,1,0,06:55,2026-02-06 07:10:33
54839,28017,2,0,07:20,2026-02-06 07:41:13
54840,22022,1,0,07:55,2026-02-06 08:12:24
54840,22022,1,0,14:00,2026-02-06 14:16:18
54839,51021,2,0,14:15,2026-02-06 14:41:33
12387,61015,1,#,06:18,2026-02-06 06:36:15
12387,61015,1,#,13:16,2026-02-06 13:31:40
12387,61015,1,#,05:23,2026-02-06 05:42:25
12387,61015,1,#,07:16,2026-02-06 07:37:29
12387,61015,1,#,08:16,2026-02-06 08:38:12
12387,61015,1,#,09:16,
12387,61015,1,#,10:16,2026-02-06 10:37:13
12387,61015,1,#,11:16,2026-02-06 11:44:29
12387,61015,1,#,12:16,2026-02-06 12:43:17
54839,51021,2,0,12:15,
37123,30037,2,0,11:15,
37123,30037,2,0,14:50,
54840,22022,1,0,14:00,
54839,28017,2,0,12:15,2026-02-27 12:39:57
37123,30037,2,0,13:40,
37123,30037,2,0,13:40,
37123,30037,2,0,14:50,
12387,61015,1,#,14:16,2026-02-06 14:31:48
37123,30037,2,0,09:15,
37123,30037,2,0,09:15,
54839,28017,2,0,09:20,2026-02-20 09:43:08
37123,30037,2,0,11:15,
54839,51021,2,0,14:15,2026-02-20 14:42:23
37123,30037,2,0,13:40,
54840,22022,1,0,14:00,2026-02-20 14:17:40
37123,30037,2,0,14:50,
11038,20021,2,#,12:20,
11038,20021,2,#,13:20,
11038,20021,2,#,13:40,
37123,33011,2,0,14:15,
37123,33011,2,0,14:15,2026-02-27 14:49:36
11038,20021,2,#,14:20,
11038,20021,2,#,14:20,
13116,18022,1,#,10:45,2026-02-13 11:07:05
13116,18022,1,#,08:45,2026-02-13 09:01:37
13116,18022,1,#,13:45,2026-02-13 14:03:36
13116,18022,1,#,06:45,2026-02-13 06:58:32
14730,45012,2,#,09:30,
14730,45012,2,#,11:30,
14730,45012,2,#,10:30,
14730,45012,2,#,08:30,
54839,30016,2,0,06:25,2026-02-13 06:43:50
54839,30016,2,0,11:20,
37123,30037,1,0,08:25,2026-02-13 08:55:05
37123,30037,1,0,10:20,2026-02-13 10:51:59
54839,30016,2,0,08:25,
37123,30037,1,0,14:15,2026-02-13 14:42:32
14730,45012,2,#,09:30,
14730,45012,2,#,10:30,
14730,45012,2,#,11:30,
13116,18022,1,#,05:45,2026-02-20 05:57:01
13116,18022,1,#,08:45,2026-02-20 09:01:45
13116,18022,1,#,11:25,2026-02-20 11:44:05
13116,18022,1,#,08:30,2026-02-20 08:48:04
13116,18022,1,#,11:35,2026-02-20 12:00:53
13116,18022,1,#,06:30,2026-02-20 06:41:39
13116,18022,1,#,10:25,2026-02-20 10:42:28
54839,30016,2,0,08:25,
37123,30037,1,0,08:25,2026-02-20 08:52:53
54839,30016,2,0,06:25,
14730,45012,2,#,08:30,
14730,45012,2,#,12:30,
37123,30037,1,0,12:50,2026-02-13 13:18:47
13116,18022,1,#,05:45,2026-02-13 05:58:53
13116,18022,1,#,09:25,2026-02-13 09:43:58
13116,18022,1,#,09:45,2026-02-13 10:05:49
13116,18022,1,#,10:25,2026-02-13 10:40:31
13116,18022,1,#,11:25,2026-02-13 11:45:30
13116,18022,1,#,14:25,2026-02-13 14:39:29
13116,18022,1,#,11:35,2026-02-13 11:58:57
13116,18022,1,#,12:20,2026-02-13 12:39:50
13116,18022,1,#,12:35,2026-02-13 12:53:18
13116,18022,1,#,06:45,2026-02-20 06:57:13
13116,18022,1,#,07:40,2026-02-20 07:59:56
13116,18022,1,#,07:30,2026-02-20 07:44:39
13116,18022,1,#,09:25,2026-02-20 09:43:47
13116,18022,1,#,09:45,2026-02-20 10:07:35
13116,18022,1,#,10:45,2026-02-20 11:02:15
14730,45012,2,#,08:30,
14730,45012,2,#,09:30,
14730,45012,2,#,11:30,
14730,45012,2,#,10:30,
13116,18022,1,#,11:35,2026-02-27 11:55:31
13116,18022,1,#,12:35,2026-02-27 13:00:54
54839,30016,2,0,13:20,
37123,30037,1,0,10:20,2026-02-27 10:50:29
54839,30016,2,0,06:25,2026-02-27 06:43:35
54839,30016,2,0,08:25,2026-02-27 08:45:00
37123,30037,1,0,08:25,2026-02-27 08:34:18
13116,18022,1,#,06:30,2026-02-06 06:40:43
13116,18022,1,#,11:35,2026-02-06 11:55:41
13116,18022,1,#,13:30,2026-02-06 13:48:16
54839,30016,2,0,08:25,2026-02-06 08:48:04
54839,30016,2,0,06:25,2026-02-06 06:48:28
54839,30016,2,0,11:20,2026-02-06 11:43:58
54839,30016,2,0,13:20,2026-02-06 13:40:05
37123,30037,1,0,12:50,2026-02-27 13:24:52
54839,30016,2,0,11:20,
54839,30016,2,0,13:20,2026-02-27 13:39:48
37123,30037,1,0,14:15,2026-02-27 14:46:56
14730,45012,2,#,13:30,
14730,45012,2,#,12:30,
14730,45012,2,#,14:30,
13116,18022,1,#,12:20,2026-02-20 12:38:25
13116,18022,1,#,12:35,2026-02-20 12:52:18
13116,18022,1,#,13:30,2026-02-20 13:48:47
14730,45012,2,#,13:30,
13116,18022,1,#,13:45,2026-02-20 14:03:53
13116,18022,1,#,14:25,2026-02-20 14:42:11
14730,45012,2,#,14:30,
37123,30037,1,0,10:20,2026-02-20 10:49:11
54839,30016,2,0,11:20,2026-02-20 11:44:05
37123,30037,1,0,12:50,2026-02-20 13:20:07
54839,30016,2,0,13:20,2026-02-20 13:38:35
13116,18022,1,#,12:35,2026-02-06 12:53:06
37123,30037,1,0,14:15,2026-02-06 14:42:02
13116,18022,1,#,14:45,2026-02-13 15:01:39
13116,18022,1,#,06:30,2026-02-13 06:45:18
13116,18022,1,#,13:30,2026-02-13 13:54:03
13116,18022,1,#,07:40,2026-02-06 07:59:58
13116,18022,1,#,11:25,2026-02-06 11:44:19
13116,18022,1,#,14:25,2026-02-06 14:37:53
13116,18022,1,#,09:25,2026-02-06 09:42:06
13116,18022,1,#,10:25,2026-02-06 10:44:40
37123,30037,1,0,08:25,2026-02-06 08:54:37
13116,18022,1,#,06:45,2026-02-06 06:57:42
14730,45012,2,#,08:30,
14730,45012,2,#,12:30,
14730,45012,2,#,13:30,
14730,45012,2,#,09:30,
13116,18022,1,#,08:45,2026-02-06 09:02:16
13116,18022,1,#,05:45,2026-02-06 05:57:21
13116,18022,1,#,10:45,2026-02-06 11:02:26
14730,45012,2,#,11:30,
14730,45012,2,#,10:30,
14730,45012,2,#,12:30,
14730,45012,2,#,13:30,
13116,18022,1,#,09:45,2026-02-06 10:03:14
13116,18022,1,#,13:45,2026-02-06 14:02:53
13116,18022,1,#,14:45,2026-02-06 14:54:43
13116,18022,1,#,12:20,2026-02-06 12:40:54
14730,45012,2,#,14:30,
13116,18022,1,#,07:40,2026-02-13 07:55:39
13116,18022,1,#,08:30,2026-02-13 08:46:43
13116,18022,1,#,07:30,2026-02-13 07:44:45
13116,18022,1,#,05:45,2026-02-27 05:58:58
13116,18022,1,#,08:30,2026-02-27 08:48:17
13116,18022,1,#,06:45,2026-02-27 06:59:25
13116,18022,1,#,06:30,2026-02-27 06:43:28
13116,18022,1,#,07:30,2026-02-27 07:45:31
13116,18022,1,#,07:40,2026-02-27 07:58:09
13116,18022,1,#,08:45,2026-02-27 09:05:44
13116,18022,1,#,09:25,2026-02-27 09:41:57
13116,18022,1,#,09:45,2026-02-27 10:08:30
13116,18022,1,#,10:25,2026-02-27 10:45:05
13116,18022,1,#,10:45,2026-02-27 11:00:58
13116,18022,1,#,11:25,2026-02-27 11:43:18
37123,30037,1,0,12:50,2026-02-06 13:20:31
37123,30037,1,0,10:20,2026-02-06 10:49:37
13116,18022,1,#,08:30,2026-02-06 08:46:09
13116,18022,1,#,07:30,2026-02-06 07:46:03
14730,45012,2,#,14:30,
13116,18022,1,#,12:20,2026-02-27 12:41:02
13116,18022,1,#,13:45,2026-02-27 14:01:43
13116,18022,1,#,13:30,2026-02-27 13:50:01
13116,18022,1,#,14:25,2026-02-27 14:42:09
13116,18022,1,#,14:45,2026-02-27 14:58:20
37123,30037,1,0,14:15,2026-02-20 14:42:17
13116,18022,1,#,14:45,2026-02-20 14:59:56
12387,19018,1,#,04:40,2026-02-06 04:58:56
12387,19018,1,#,06:40,2026-02-06 07:02:14
12387,19018,1,#,06:55,2026-02-06 07:18:12
12387,19018,1,#,12:55,2026-02-06 13:20:13
12387,19018,1,#,07:40,2026-02-06 08:14:42
12387,19018,1,#,07:55,2026-02-06 08:23:13
12387,19018,1,#,08:40,2026-02-06 09:08:40
12387,19018,1,#,08:55,2026-02-06 09:31:32
12387,19018,1,#,09:40,2026-02-06 10:13:15
12387,19018,1,#,09:55,2026-02-06 10:26:07
12387,19018,1,#,10:55,2026-02-06 11:34:55
12387,19018,1,#,11:55,
12387,19018,1,#,13:40,2026-02-06 14:07:56
12000,49010,2,1,09:18,
12000,49010,2,1,10:18,
12387,19018,1,#,05:25,2026-02-06 05:47:24
12387,19018,1,#,14:40,2026-02-06 15:06:31
11038,18022,2,#,12:20,
11038,18022,2,#,13:20,
11038,18022,2,#,09:35,
11038,18022,2,#,12:35,
11038,18022,2,#,13:35,
11038,18022,2,#,10:35,
12387,19018,1,#,10:40,2026-02-06 11:15:19
12387,19018,1,#,11:40,
11038,18022,2,#,14:35,
11038,18022,2,#,11:35,
11038,51019,1,#,07:35,
11038,51019,1,#,10:35,
11038,51019,1,#,14:35,
12387,19018,1,#,05:25,2026-02-13 05:45:55
12387,19018,1,#,05:55,2026-02-27 06:14:04
12387,19018,1,#,08:25,2026-02-27 08:54:27
12387,19018,1,#,05:40,2026-02-27 06:00:29
12387,19018,1,#,06:25,2026-02-27 06:48:29
12387,19018,1,#,07:25,2026-02-27 07:50:52
11038,18022,2,#,09:20,
11038,18022,2,#,11:20,
11038,18022,2,#,10:20,
12387,19018,1,#,05:25,2026-02-27 05:47:05
12387,19018,1,#,09:25,2026-02-27 09:58:54
12387,19018,1,#,10:25,2026-02-27 11:14:26
12387,19018,1,#,10:40,2026-02-27 11:18:57
12387,19018,1,#,12:25,2026-02-27 13:05:19
12387,19018,1,#,12:40,
12387,19018,1,#,11:25,2026-02-27 12:15:17
12387,19018,1,#,11:40,
12387,19018,1,#,13:25,2026-02-27 13:58:35
12387,19018,1,#,14:55,2026-02-27 15:21:45
12387,19018,1,#,15:25,2026-02-27 15:50:26
12387,19018,1,#,14:25,2026-02-27 14:52:31
12387,19018,1,#,12:40,2026-02-06 13:19:19
12387,19018,1,#,05:40,2026-02-06 05:59:31
11038,18022,2,#,12:20,
11038,18022,2,#,13:20,
11038,18022,2,#,14:20,
11038,18022,2,#,13:35,
11038,18022,2,#,14:35,
11038,51019,1,#,14:35,
12387,19018,1,#,15:25,2026-02-20 15:49:26
11038,18022,2,#,14:20,
40826,22036,1,0,06:25,
40826,22036,1,0,11:30,
14730,40014,2,#,14:00,
14730,40014,2,#,11:00,
14730,40014,2,#,06:30,
14730,40014,2,#,07:30,
14730,40014,2,#,08:00,
37284,49004,2,0,10:15,2026-02-13 10:35:20
40826,22036,1,0,14:15,
40826,22036,1,0,11:15,
40826,22036,1,0,12:05,
40826,22036,1,0,12:45,
40826,22036,1,0,13:05,
40826,22036,1,0,14:45,
54839,40019,2,0,13:25,2026-02-13 13:52:14
40826,22036,1,0,15:15,
14730,40014,2,#,08:30,
14730,61015,2,#,08:30,
14730,40014,2,#,09:00,
14730,40014,2,#,09:30,
14730,61015,2,#,09:30,
14730,40014,2,#,10:00,
14730,40014,2,#,11:30,
14730,40014,2,#,10:30,
14730,61015,2,#,10:30,
14730,40014,2,#,12:00,
14730,61015,2,#,12:30,
14730,40014,2,#,12:30,
14730,40014,2,#,13:00,
14730,40014,2,#,13:30,
14730,61015,2,#,13:30,
14730,40014,2,#,14:30,
14730,61015,2,#,14:30,
14730,40014,2,#,15:00,
14730,40014,2,#,15:30,
14730,61015,2,#,11:30,
14730,40014,2,#,15:00,
14730,40014,2,#,15:30,
14730,61015,2,#,11:30,
14730,40014,2,#,12:00,
14730,61015,2,#,14:30,
14730,40014,2,#,12:30,
14730,61015,2,#,12:30,
14730,40014,2,#,13:30,
14730,40014,2,#,15:30,
40826,22036,1,0,06:25,
40826,22036,1,0,11:30,
14730,40014,2,#,14:30,
14730,61015,2,#,11:30,
37284,49004,2,0,15:00,2026-02-27 15:24:10
14730,40014,2,#,14:30,
14730,61015,2,#,14:30,
54839,40019,2,0,11:25,
54839,40019,2,0,13:25,2026-02-20 13:46:05
14730,40014,2,#,15:30,
14730,40014,2,#,15:00,
40826,22036,1,0,15:15,
37284,37071,1,0,06:20,2026-02-27 06:39:42
37284,37071,1,0,05:20,2026-02-27 05:42:31
37284,37071,1,0,06:40,
37284,37071,1,0,05:40,2026-02-27 06:03:03
37284,37071,1,0,07:20,2026-02-27 07:47:32
37284,37071,1,0,07:40,2026-02-27 08:12:19
37284,37071,1,0,08:40,2026-02-27 09:10:12
37284,37071,1,0,09:40,2026-02-27 10:12:02
37284,37071,1,0,10:40,2026-02-27 11:07:16
37284,37071,1,0,11:40,2026-02-27 12:22:22
37284,37071,1,0,12:40,2026-02-27 13:07:21
37284,37071,1,0,13:20,2026-02-27 13:50:07
37284,37071,1,0,13:20,2026-02-06 13:50:23
37284,37071,1,0,12:40,2026-02-06 13:09:44
54841,22022,2,0,14:20,
54840,12117,2,0,09:20,2026-02-20 09:46:17
54840,12117,2,0,10:50,2026-02-20 11:19:48
54840,12117,2,0,11:50,
54840,12117,2,0,11:20,2026-02-20 11:42:26
54840,12117,2,0,12:20,2026-02-20 12:53:20
54840,12117,2,0,13:20,
54840,12117,2,0,13:50,2026-02-20 14:17:19
54840,12117,2,0,14:50,2026-02-20 15:14:15
54840,12117,2,0,14:20,2026-02-20 14:43:50
13116,20021,1,#,05:40,2026-02-13 05:50:55
13116,20021,1,#,05:55,2026-02-13 06:05:16
13116,20021,1,#,06:35,2026-02-13 06:47:45
13116,20021,1,#,09:00,2026-02-13 09:14:44
13116,20021,1,#,14:30,2026-02-13 14:42:33
13116,20021,1,#,06:50,2026-02-13 07:00:46
13116,20021,1,#,12:00,2026-02-13 12:20:45
12001,49010,1,1,10:55,2026-02-13 11:27:37
12945,34026,2,#,08:40,
12945,34026,2,#,07:00,
12945,34026,2,#,06:20,
12945,34026,2,#,07:20,
13116,20021,1,#,08:00,2026-02-20 08:16:21
13116,20021,1,#,06:50,2026-02-20 07:02:30
13116,20021,1,#,08:30,2026-02-20 08:43:42
13116,20021,1,#,06:35,2026-02-20 06:47:57
13116,20021,1,#,10:00,2026-02-20 10:12:31
13116,20021,1,#,05:40,2026-02-20 05:50:39
13116,20021,1,#,13:00,2026-02-20 13:13:45
13116,20021,1,#,05:55,2026-02-20 06:04:31
12945,34026,2,#,11:20,
12945,34026,2,#,07:20,
12945,34026,2,#,08:40,
12945,34026,2,#,06:20,
12945,34026,2,#,07:00,
12945,34026,2,#,07:40,
12945,34026,2,#,08:20,
12945,34026,2,#,09:20,
12945,34026,2,#,10:20,
13116,20021,1,#,07:30,2026-02-20 07:44:18
13116,20021,1,#,09:00,2026-02-20 09:18:09
13116,20021,1,#,10:30,2026-02-20 10:44:00
13116,20021,1,#,09:30,2026-02-20 09:44:29
13116,20021,1,#,11:00,2026-02-20 11:15:18
13116,20021,1,#,12:00,2026-02-20 12:23:23
13116,20021,1,#,11:30,2026-02-20 11:44:29
13116,20021,1,#,12:30,2026-02-20 12:43:57
13116,20021,1,#,08:00,2026-02-13 08:16:37
13116,20021,1,#,10:00,2026-02-13 10:13:59
13116,20021,1,#,11:00,2026-02-13 11:16:56
12001,49010,1,1,11:50,2026-02-13 12:33:34
12001,49010,1,1,10:55,2026-02-20 11:24:08
12001,49010,1,1,11:50,2026-02-20 12:37:33
13116,20021,1,#,13:30,2026-02-20 13:45:25
12945,34026,2,#,12:20,
12945,34026,2,#,13:20,
12945,34026,2,#,14:40,
12945,34026,2,#,14:20,
13116,20021,1,#,11:00,2026-02-06 11:15:03
13116,20021,1,#,13:30,2026-02-06 13:42:33
13116,20021,1,#,11:30,2026-02-06 11:44:23
13116,20021,1,#,08:00,2026-02-06 08:17:23
13116,20021,1,#,09:00,2026-02-06 09:16:40
13116,20021,1,#,10:00,2026-02-06 10:12:05
13116,20021,1,#,13:00,2026-02-13 13:15:15
13116,20021,1,#,15:00,2026-02-13 15:10:47
13116,20021,1,#,06:35,2026-02-27 06:48:13
13116,20021,1,#,05:40,2026-02-27 05:50:03
13116,20021,1,#,05:55,2026-02-27 06:04:42
12001,49010,1,1,10:55,2026-02-06 11:27:17
13116,20021,1,#,06:50,2026-02-06 07:04:29
13116,20021,1,#,11:30,2026-02-13 11:44:23
13116,20021,1,#,13:30,2026-02-13 13:44:11
13116,20021,1,#,14:00,2026-02-13 14:13:32
13116,20021,1,#,14:30,2026-02-06 14:41:39
13116,20021,1,#,15:00,2026-02-06 15:15:25
12945,34026,2,#,07:40,
12945,34026,2,#,08:40,
12945,34026,2,#,07:00,
13116,20021,1,#,12:00,2026-02-06 12:20:54
13116,20021,1,#,13:00,2026-02-06 13:13:57
12945,34026,2,#,07:20,
12945,34026,2,#,09:20,
12945,34026,2,#,10:20,
12945,34026,2,#,14:20,
12945,34026,2,#,14:40,
12945,34026,2,#,06:20,
12945,34026,2,#,08:20,
12945,34026,2,#,11:20,
12945,34026,2,#,12:20,
13116,20021,1,#,14:00,2026-02-06 14:10:42
13116,20021,1,#,05:55,2026-02-06 06:05:59
13116,20021,1,#,06:35,2026-02-06 06:46:39
13116,20021,1,#,05:40,2026-02-06 05:50:08
12001,49010,1,1,10:55,2026-02-27 11:25:48
12001,49010,1,1,11:50,2026-02-27 12:36:35
12945,34026,2,#,11:20,
12945,34026,2,#,07:40,
12945,34026,2,#,08:20,
12945,34026,2,#,09:20,
12945,34026,2,#,12:20,
12945,34026,2,#,10:20,
12945,34026,2,#,14:20,
12945,34026,2,#,13:20,
12945,34026,2,#,14:40,
12945,34026,2,#,09:20,
12945,34026,2,#,06:20,
13116,20021,1,#,08:30,2026-02-13 08:46:40
13116,20021,1,#,10:30,2026-02-13 10:47:03
13116,20021,1,#,09:30,2026-02-13 09:44:08
13116,20021,1,#,07:30,2026-02-13 07:45:42
13116,20021,1,#,12:30,2026-02-13 12:44:56
13116,20021,1,#,08:30,2026-02-27 08:45:10
13116,20021,1,#,10:00,2026-02-27 10:13:32
13116,20021,1,#,06:50,2026-02-27 07:02:40
13116,20021,1,#,07:30,2026-02-27 07:46:07
12945,34026,2,#,07:20,
12945,34026,2,#,08:40,
12945,34026,2,#,07:40,
12945,34026,2,#,08:20,
12945,34026,2,#,10:20,
12945,34026,2,#,12:20,
12945,34026,2,#,11:20,
12945,34026,2,#,14:20,
12945,34026,2,#,14:40,
12945,34026,2,#,13:20,
12945,34026,2,#,07:00,
13116,20021,1,#,09:00,2026-02-27 09:14:13
13116,20021,1,#,09:30,2026-02-27 09:43:09
13116,20021,1,#,08:00,2026-02-27 08:15:49
13116,20021,1,#,10:30,2026-02-27 10:44:58
13116,20021,1,#,12:00,2026-02-27 12:21:29
13116,20021,1,#,11:00,2026-02-27 11:15:48
13116,20021,1,#,12:30,2026-02-27 12:45:59
13116,20021,1,#,11:30,2026-02-27 11:44:27
12001,49010,1,1,11:50,2026-02-06 12:36:34
12945,34026,2,#,13:20,
13116,20021,1,#,08:30,2026-02-06 08:44:09
13116,20021,1,#,10:30,2026-02-06 10:47:23
13116,20021,1,#,12:30,2026-02-06 12:46:32
13116,20021,1,#,07:30,2026-02-06 07:45:12
13116,20021,1,#,09:30,2026-02-06 09:43:14
13116,20021,1,#,13:00,2026-02-27 13:13:29
13116,20021,1,#,13:30,2026-02-27 13:45:11
13116,20021,1,#,14:00,2026-02-27 14:14:25
13116,20021,1,#,14:30,2026-02-27 14:42:23
13116,20021,1,#,15:00,2026-02-27 15:12:33
13116,20021,1,#,14:00,2026-02-20 14:11:13
13116,20021,1,#,14:30,2026-02-20 14:42:32
13116,20021,1,#,15:00,2026-02-20 15:12:19
14730,19018,2,#,13:30,
14730,19018,2,#,14:00,
14730,19018,2,#,12:30,
42218,54016,2,#,13:50,2026-02-13 14:08:38
42218,54016,2,#,06:25,2026-02-13 06:39:26
42218,54016,2,#,07:20,2026-02-13 07:35:55
42218,54016,2,#,12:10,2026-02-13 12:40:36
42218,54016,2,#,10:20,2026-02-13 10:42:39
42218,54016,2,#,11:15,2026-02-13 11:36:32
14730,19018,2,#,13:00,
54841,12117,1,0,13:20,
54841,12117,1,0,14:50,
42218,54016,2,#,06:25,2026-02-06 06:40:58
42218,54016,2,#,05:25,2026-02-06 05:40:41
54841,12117,1,0,09:20,
54841,12117,1,0,09:50,
54841,12117,1,0,14:20,
54841,12117,1,0,11:20,
54841,12117,1,0,11:50,
54841,12117,1,0,12:50,
54841,12117,1,0,06:50,
54841,12117,1,0,07:50,
54841,12117,1,0,10:20,
54841,12117,1,0,12:20,
54841,12117,1,0,13:20,
54841,12117,1,0,13:50,
54841,12117,1,0,14:50,
14730,19018,2,#,07:15,
14730,19018,2,#,08:15,
14730,19018,2,#,10:15,
14730,19018,2,#,09:15,
14730,19018,2,#,12:15,
14730,19018,2,#,13:15,
42218,54016,2,#,10:20,2026-02-20 10:40:43
42218,54016,2,#,09:20,2026-02-20 09:44:29
14730,19018,2,#,11:00,
54841,12117,1,0,11:20,
54841,12117,1,0,11:50,
14730,19018,2,#,12:15,
54841,12117,1,0,12:20,
14730,19018,2,#,12:00,
14730,19018,2,#,13:15,
54841,12117,1,0,13:20,
14730,19018,2,#,12:30,
14730,19018,2,#,13:00,
42218,54016,2,#,11:15,2026-02-20 11:40:45
42218,54016,2,#,13:15,2026-02-20 13:38:51
54841,12117,1,0,14:50,
14730,19018,2,#,14:15,
54841,12117,1,0,14:20,
14730,19018,2,#,13:30,
14730,19018,2,#,14:00,
13116,51019,2,#,13:25,2026-02-20 13:42:23
14730,19018,2,#,14:30,
54841,12117,1,0,13:50,
37123,29012,2,0,09:15,2026-02-20 09:53:29
37123,29012,2,0,11:15,2026-02-20 11:55:28
14730,19018,2,#,11:15,
14730,19018,2,#,14:15,
14730,19018,2,#,07:00,
14730,19018,2,#,07:30,
14730,19018,2,#,08:00,
14730,19018,2,#,08:30,
14730,19018,2,#,09:00,
14730,19018,2,#,09:30,
14730,19018,2,#,13:00,
14730,19018,2,#,10:00,
14730,19018,2,#,10:30,
14730,19018,2,#,11:00,
14730,19018,2,#,11:30,
37123,29012,2,0,12:10,2026-02-06 12:53:05
37123,29012,2,0,10:10,
42218,54016,2,#,11:15,2026-02-06 11:36:37
42218,54016,2,#,13:15,2026-02-13 13:36:35
37123,29012,2,0,11:15,2026-02-13 12:02:08
37123,29012,2,0,09:15,2026-02-13 09:56:36
37123,29012,2,0,13:15,2026-02-13 13:55:05
37123,29012,2,0,05:20,
42218,54016,2,#,12:10,2026-02-06 12:40:42
14730,19018,2,#,12:00,
14730,19018,2,#,12:30,
14730,19018,2,#,06:30,
42218,54016,2,#,07:20,2026-02-06 07:36:03
42218,54016,2,#,09:20,2026-02-06 09:44:29
42218,54016,2,#,10:20,2026-02-06 10:42:43
16336,21041,1,0,10:30,2026-02-13 10:56:56
16336,21041,1,0,06:30,2026-02-13 06:56:35
16336,21041,1,0,08:30,2026-02-13 08:57:21
16336,21041,1,0,07:30,2026-02-13 07:54:53
42218,54016,2,#,08:15,2026-02-27 08:34:42
14730,19018,2,#,13:30,
14730,19018,2,#,14:00,
14730,19018,2,#,14:30,
14730,19018,2,#,15:00,
14730,19018,2,#,15:30,
42218,54016,2,#,06:25,2026-02-27 06:39:04
42218,54016,2,#,09:20,2026-02-27 09:42:40
42218,54016,2,#,07:20,2026-02-27 07:37:54
42218,54016,2,#,12:10,2026-02-27 12:38:42
42218,54016,2,#,05:25,2026-02-27 05:40:52
14730,19018,2,#,15:30,
14730,19018,2,#,15:15,
54841,12117,1,0,12:20,
54841,12117,1,0,12:50,
14730,19018,2,#,13:00,
54841,12117,1,0,13:20,
14730,19018,2,#,13:30,
14730,19018,2,#,15:30,
54841,12117,1,0,14:20,
16336,21041,1,0,05:30,2026-02-06 05:56:27
13116,51019,2,#,13:25,2026-02-06 13:43:55
14730,19018,2,#,15:15,
42218,54016,2,#,10:20,2026-02-27 10:44:42
42218,54016,2,#,11:15,2026-02-27 11:42:44
42218,54016,2,#,13:15,2026-02-27 13:38:36
42218,54016,2,#,13:50,2026-02-27 14:08:44
16336,21041,1,0,09:30,2026-02-13 10:05:49
37123,29012,2,0,10:10,2026-02-13 10:52:59
37123,29012,2,0,12:10,
16336,21041,1,0,08:30,2026-02-27 08:55:04
37123,29012,2,0,05:20,
16336,21041,1,0,06:30,2026-02-27 06:55:45
37123,29012,2,0,09:15,2026-02-27 09:55:32
16336,21041,1,0,07:30,2026-02-27 07:54:50
16336,21041,1,0,09:30,2026-02-27 09:55:35
37123,29012,2,0,11:15,
37123,29012,2,0,10:10,
16336,21041,1,0,10:30,2026-02-27 11:00:02
37123,29012,2,0,12:10,
37123,29012,2,0,13:15,2026-02-27 13:58:21
16336,21041,1,0,11:30,2026-02-06 11:55:44
37123,29012,2,0,06:20,
37123,29012,2,0,08:20,2026-02-06 08:56:58
37123,29012,2,0,14:20,2026-02-06 14:55:41
42218,54016,2,#,13:15,2026-02-06 13:38:42
42218,54016,2,#,13:50,2026-02-06 14:06:37
42218,54016,2,#,08:15,2026-02-06 08:34:45
37123,29012,2,0,07:20,2026-02-06 07:59:13
40826,24035,2,0,10:15,
14730,19018,2,#,14:30,
54841,12117,1,0,14:50,
14730,19018,2,#,15:00,
14730,19018,2,#,08:15,
14730,19018,2,#,09:15,
14730,19018,2,#,07:15,
14730,19018,2,#,10:15,
14730,19018,2,#,12:15,
14730,19018,2,#,11:15,
11038,15023,2,#,07:20,
11038,15023,2,#,07:35,
11038,15023,2,#,13:35,
11038,15023,2,#,14:20,
11038,15023,2,#,08:20,
11038,15023,2,#,08:35,
11038,15023,2,#,10:35,
13116,34026,1,#,12:25,2026-02-06 12:52:44
13116,34026,1,#,13:25,2026-02-06 13:51:46
11038,15023,2,#,14:35,
11038,15023,2,#,11:35,
13116,34026,1,#,14:15,2026-02-06 14:39:08
11038,15023,2,#,13:20,
13116,34026,1,#,15:00,2026-02-27 15:22:35
11038,15023,2,#,12:20,
11038,15023,2,#,12:35,
11038,15023,2,#,13:20,
11038,15023,2,#,13:35,
11038,15023,2,#,14:35,
11038,15023,2,#,14:20,
13116,34026,1,#,15:00,2026-02-20 15:25:58
13116,15023,1,#,05:25,2026-02-13 05:49:18
13116,15023,1,#,08:35,2026-02-13 09:01:48
13116,15023,1,#,09:35,2026-02-13 09:58:05
13116,15023,1,#,06:35,2026-02-13 07:08:20
13116,15023,1,#,11:20,2026-02-13 11:53:05
13116,15023,1,#,13:45,2026-02-13 14:10:57
13116,15023,1,#,14:15,2026-02-13 14:39:58
13116,15023,1,#,07:25,2026-02-13 07:54:26
13116,15023,1,#,06:25,2026-02-13 06:49:11
42220,54016,1,#,08:58,
42220,54016,1,#,13:58,
42220,54016,1,#,05:58,
42220,54016,1,#,14:58,
42220,54016,1,#,07:58,
42220,54016,1,#,06:58,
42220,54016,1,#,06:58,
42220,54016,1,#,07:58,
42220,54016,1,#,10:58,
13116,15023,1,#,07:25,2026-02-20 07:53:10
13116,15023,1,#,11:20,2026-02-20 11:50:27
13116,15023,1,#,11:35,2026-02-20 12:01:57
13116,15023,1,#,06:35,2026-02-20 06:59:16
13116,15023,1,#,08:35,2026-02-20 09:02:26
13116,15023,1,#,05:25,2026-02-20 05:47:18
13116,15023,1,#,06:25,2026-02-20 06:46:54
42220,54016,1,#,09:58,
42220,54016,1,#,05:58,
12000,49010,2,#,06:18,
12000,49010,2,#,11:18,
12000,49010,2,#,07:18,
42220,54016,1,#,08:58,
42220,54016,1,#,11:58,
13116,15023,1,#,07:00,2026-02-20 07:28:56
13116,15023,1,#,08:20,2026-02-20 08:51:02
13116,15023,1,#,09:20,2026-02-20 09:47:24
13116,15023,1,#,09:35,2026-02-20 09:54:41
13116,15023,1,#,10:20,2026-02-20 10:45:14
13116,15023,1,#,10:35,2026-02-20 11:01:56
13116,15023,1,#,12:30,2026-02-20 12:59:32
42220,54016,1,#,09:58,
42220,54016,1,#,10:58,
42220,54016,1,#,11:58,
12000,49010,2,#,07:18,
12000,49010,2,#,11:18,
12000,49010,2,#,12:18,
12000,49010,2,#,06:18,
13116,15023,1,#,10:35,2026-02-13 11:04:43
13116,15023,1,#,09:20,2026-02-13 09:47:30
13116,15023,1,#,08:20,2026-02-13 08:49:17
13116,15023,1,#,10:20,2026-02-13 10:48:53
13116,15023,1,#,14:35,2026-02-13 14:58:50
13116,15023,1,#,11:35,2026-02-13 12:06:32
13116,15023,1,#,12:20,2026-02-13 12:56:23
42220,54016,1,#,06:58,
42220,54016,1,#,08:58,
12000,49010,2,#,13:14,
12000,49010,2,#,07:18,
12000,49010,2,#,06:18,
12000,49010,2,#,11:18,
12000,49010,2,#,12:18,
13116,15023,1,#,13:25,2026-02-13 13:49:56
13116,15023,1,#,15:00,2026-02-13 15:28:22
13116,15023,1,#,06:25,2026-02-27 06:46:16
13116,15023,1,#,06:35,2026-02-27 06:56:45
13116,15023,1,#,07:25,2026-02-27 07:55:19
13116,15023,1,#,10:35,2026-02-27 11:09:25
13116,15023,1,#,06:35,2026-02-06 06:56:52
13116,15023,1,#,11:20,2026-02-06 11:48:54
13116,15023,1,#,06:25,2026-02-06 06:47:59
13116,15023,1,#,10:20,2026-02-06 10:46:46
12000,49010,2,#,06:18,
12000,49010,2,#,07:18,
12000,49010,2,#,13:14,
12000,49010,2,#,12:18,
42220,54016,1,#,06:58,
42220,54016,1,#,05:58,
42220,54016,1,#,14:58,
42220,54016,1,#,10:58,
42220,54016,1,#,08:58,
42220,54016,1,#,09:58,
42220,54016,1,#,13:58,
42220,54016,1,#,11:58,
42220,54016,1,#,12:58,
42220,54016,1,#,12:58,
13116,15023,1,#,12:20,2026-02-20 12:49:29
13116,15023,1,#,08:35,2026-02-27 09:01:46
13116,15023,1,#,05:25,2026-02-27 05:48:26
13116,15023,1,#,09:35,2026-02-27 09:57:32
13116,15023,1,#,14:15,2026-02-27 14:39:35
12000,49010,2,#,13:14,
13116,15023,1,#,14:35,2026-02-27 14:58:41
13116,15023,1,#,11:35,2026-02-27 12:05:06
13116,15023,1,#,13:25,2026-02-27 13:50:04
13116,15023,1,#,13:45,2026-02-27 14:11:08
42220,54016,1,#,07:58,
42220,54016,1,#,05:58,
42220,54016,1,#,12:58,
13116,15023,1,#,07:00,2026-02-06 07:24:18
13116,15023,1,#,08:20,2026-02-06 08:46:57
12000,49010,2,#,11:18,
42220,54016,1,#,09:58,
42220,54016,1,#,13:58,
42220,54016,1,#,10:58,
42220,54016,1,#,12:58,
42220,54016,1,#,11:58,
13116,15023,1,#,09:20,2026-02-06 09:51:45
13116,15023,1,#,12:20,2026-02-06 12:45:47
13116,15023,1,#,07:00,2026-02-13 07:26:36
42220,54016,1,#,14:58,
13116,15023,1,#,12:30,2026-02-13 12:58:05
13116,15023,1,#,09:20,2026-02-27 09:47:01
13116,15023,1,#,08:20,2026-02-27 08:46:59
13116,15023,1,#,07:00,2026-02-27 07:23:51
13116,15023,1,#,10:20,2026-02-27 10:47:25
13116,15023,1,#,11:20,2026-02-27 11:57:12
13116,15023,1,#,12:20,2026-02-27 13:00:28
13116,15023,1,#,15:00,2026-02-06 15:20:41
13116,15023,1,#,09:35,2026-02-06 09:57:09
13116,15023,1,#,13:25,2026-02-06 13:51:11
13116,15023,1,#,08:35,2026-02-06 09:01:25
13116,15023,1,#,10:35,2026-02-06 10:59:34
13116,15023,1,#,11:35,2026-02-06 12:06:05
13116,15023,1,#,13:45,2026-02-06 14:08:32
13116,15023,1,#,05:25,2026-02-06 05:45:10
13116,15023,1,#,07:25,2026-02-06 07:50:10
13116,15023,1,#,14:15,2026-02-06 14:38:56
13116,15023,1,#,14:35,2026-02-06 14:57:39
13116,15023,1,#,12:30,2026-02-06 12:55:29
13116,15023,1,#,12:30,2026-02-27 12:58:16
13116,15023,1,#,15:00,2026-02-27 15:21:50
42220,54016,1,#,13:58,
42220,54016,1,#,14:58,
12000,49010,2,#,12:18,
12000,49010,2,#,13:14,
13116,15023,1,#,13:25,2026-02-20 13:53:23
13116,15023,1,#,14:15,2026-02-20 14:41:11
13116,15023,1,#,13:45,2026-02-20 14:15:15
13116,15023,1,#,14:35,2026-02-20 14:58:51
13116,15023,1,#,15:00,2026-02-20 15:19:24
32052,44074,2,0,13:55,
37284,54073,1,0,07:15,2026-02-06 07:46:32
37284,54073,1,0,08:15,2026-02-06 08:42:48
37284,54073,1,0,07:40,2026-02-06 08:11:40
12001,49010,1,#,06:00,2026-02-06 06:32:18
32052,49004,1,0,09:25,
32052,49004,1,0,10:25,
32052,49004,1,0,12:25,
32052,49004,1,0,14:25,
40827,24035,1,0,08:55,2026-02-27 09:34:38
37284,54073,1,0,09:15,2026-02-06 09:45:57
37284,54073,1,0,12:45,2026-02-06 13:19:28
12001,49010,1,#,05:00,2026-02-06 05:28:01
37284,54073,1,0,07:15,2026-02-27 07:46:17
37284,54073,1,0,07:40,2026-02-27 08:12:06
37284,54073,1,0,08:15,2026-02-27 08:46:35
37284,54073,1,0,09:15,2026-02-27 09:44:33
37284,54073,1,0,12:45,2026-02-27 13:16:56
37284,54073,1,0,13:15,2026-02-27 13:46:46
32052,44074,2,0,14:55,
32052,44074,2,0,06:55,
32052,44074,2,0,07:55,
32052,44074,2,0,06:25,
32052,44074,2,0,09:25,
32052,44074,2,0,07:25,
32052,44074,2,0,08:25,
32052,44074,2,0,10:25,
32052,44074,2,0,08:55,
32052,44074,2,0,10:55,
32052,44074,2,0,09:55,
32052,44074,2,0,11:55,
32052,44074,2,0,12:25,
32052,44074,2,0,11:25,
32052,44074,2,0,13:55,
32052,44074,2,0,12:55,
32052,44074,2,0,14:25,
32052,44074,2,0,13:25,
32052,44074,2,0,14:25,
32052,49004,1,0,14:25,
32052,44074,2,0,14:55,
40827,24035,1,0,08:55,2026-02-06 09:30:08
32052,44074,2,0,14:25,
46042,13701,2,0,14:15,
46042,13701,2,0,07:15,
46042,13701,2,0,08:15,
46042,13701,2,0,09:15,
46042,13701,2,0,12:15,
46042,13701,2,0,13:15,
46042,13701,2,0,10:15,
46042,13701,2,0,11:15,
46042,13701,2,0,15:15,
46042,13701,2,0,15:15,
14730,19018,2,#,13:15,
14730,19018,2,#,15:15,
14730,19018,2,#,14:15,
14730,19018,2,#,15:00,
16336,21041,1,0,11:30,2026-02-20 12:48:32
37123,29012,2,0,12:10,2026-02-20 12:54:02
37123,29012,2,0,14:20,2026-02-20 14:54:59
42218,54016,2,#,13:50,2026-02-20 14:16:39
14730,19018,2,#,15:00,
14730,19018,2,#,15:15,
14730,19018,2,#,15:30,
54842,28017,1,0,06:50,
54842,28017,1,0,08:50,
40827,22036,2,0,10:19,2026-02-06 10:33:58
12387,54013,1,#,06:13,2026-02-06 06:42:14
12387,54013,1,#,12:07,2026-02-06 12:47:12
12387,54013,1,#,05:13,2026-02-06 05:38:59
12387,54013,1,#,07:07,2026-02-06 07:37:09
37284,44074,1,0,08:20,2026-02-06 08:44:14
37284,44074,1,0,08:40,2026-02-06 09:06:33
37284,44074,1,0,09:20,2026-02-06 09:45:54
37284,44074,1,0,10:20,2026-02-06 10:46:12
37284,44074,1,0,11:20,2026-02-06 11:50:44
37284,44074,1,0,06:20,2026-02-06 06:47:05
37284,44074,1,0,06:40,2026-02-06 06:58:33
37284,44074,1,0,07:20,2026-02-06 07:50:43
12387,54013,1,#,08:07,2026-02-06 08:46:15
12387,54013,1,#,09:07,2026-02-06 09:38:49
12387,54013,1,#,13:07,2026-02-06 13:35:02
40827,22036,2,0,11:14,2026-02-27 11:25:39
40827,22036,2,0,14:00,2026-02-27 14:17:35
40827,22036,2,0,14:30,2026-02-27 14:47:30
40827,22036,2,0,15:00,2026-02-27 15:15:03
12387,54013,1,#,05:13,2026-02-27 05:42:10
12387,54013,1,#,06:13,2026-02-27 06:34:05
12387,54013,1,#,09:07,2026-02-27 09:38:13
12387,54013,1,#,07:07,2026-02-27 07:38:10
37284,44074,1,0,08:20,2026-02-27 08:44:35
37284,44074,1,0,09:20,2026-02-27 09:48:10
37284,44074,1,0,06:20,2026-02-27 06:42:45
37284,44074,1,0,06:40,2026-02-27 07:00:21
37284,44074,1,0,05:40,2026-02-27 06:01:22
37284,44074,1,0,08:40,2026-02-27 09:05:35
37284,44074,1,0,07:20,2026-02-27 07:43:44
37284,44074,1,0,07:40,2026-02-27 08:03:27
40827,22036,2,0,07:14,2026-02-27 07:24:57
40827,22036,2,0,06:14,2026-02-27 06:24:11
40827,22036,2,0,07:44,2026-02-27 07:55:17
40827,22036,2,0,05:44,2026-02-27 05:55:45
12387,54013,1,#,08:07,2026-02-27 08:41:07
12387,54013,1,#,12:07,2026-02-27 12:49:34
12387,54013,1,#,13:07,
37284,44074,1,0,09:40,2026-02-27 10:06:28
37284,44074,1,0,10:20,2026-02-27 10:46:18
37284,44074,1,0,10:40,2026-02-27 11:06:15
40827,22036,2,0,06:44,2026-02-27 06:54:23
40827,22036,2,0,08:49,2026-02-27 09:01:47
40827,22036,2,0,08:19,2026-02-27 08:31:01
40827,22036,2,0,09:44,2026-02-27 09:56:12
37284,44074,1,0,11:40,2026-02-27 12:11:41
40827,22036,2,0,10:19,2026-02-27 10:32:20
40827,22036,2,0,12:49,2026-02-27 13:04:39
40827,22036,2,0,11:49,2026-02-27 12:04:57
40827,22036,2,0,12:19,2026-02-27 12:33:13
37284,44074,1,0,12:20,
37284,44074,1,0,11:20,2026-02-27 11:50:29
37284,44074,1,0,12:45,2026-02-27 13:10:05
37284,44074,1,0,13:20,2026-02-27 13:44:35
37284,44074,1,0,12:45,2026-02-06 13:08:28
37284,44074,1,0,13:20,2026-02-06 13:42:30
12387,54013,1,#,10:02,2026-02-06 10:34:25
12387,54013,1,#,11:02,2026-02-06 11:38:26
54842,40019,1,0,10:50,
54842,28017,1,0,11:50,
54842,40019,1,0,12:50,
40827,22036,2,0,13:19,2026-02-27 13:31:18
16355,21041,2,0,06:55,
16355,21041,2,0,09:55,
16355,21041,2,0,10:55,
16355,21041,2,0,08:55,
16355,21041,2,0,07:55,
16355,21041,2,0,11:55,
16355,21041,2,0,12:55,
16355,21041,2,0,07:55,
16355,21041,2,0,09:55,
16355,21041,2,0,08:55,
16355,21041,2,0,06:55,
16355,21041,2,0,11:55,
16355,21041,2,0,10:55,
16355,21041,2,0,12:55,
40827,22036,2,0,13:19,2026-02-20 13:35:58
40827,22036,2,0,15:00,2026-02-20 15:12:36
16355,21041,2,0,09:55,
16355,21041,2,0,11:55,
16355,21041,2,0,10:55,
16355,21041,2,0,06:55,
16355,21041,2,0,07:55,
16355,21041,2,0,08:55,
16355,21041,2,0,12:55,
16355,21041,2,0,10:55,
16355,21041,2,0,07:55,
16355,21041,2,0,09:55,
16355,21041,2,0,11:55,
16355,21041,2,0,06:55,
16355,21041,2,0,08:55,
16355,21041,2,0,12:55,
37123,29012,1,0,07:40,
12387,45012,1,#,08:16,2026-02-27 08:36:42
12387,45012,1,#,10:16,2026-02-27 10:35:22
12387,40014,1,#,10:18,2026-02-27 10:47:32
12387,45012,1,#,11:16,2026-02-27 11:39:41
12387,40014,1,#,11:18,2026-02-27 11:44:57
12387,45012,1,#,12:16,2026-02-27 12:43:39
12387,45012,1,#,13:16,2026-02-27 13:40:16
35377,23044,2,0,07:10,
35377,23044,2,0,08:14,
35377,23044,2,0,08:45,
35377,23044,2,0,09:14,
35377,23044,2,0,09:45,
35377,23044,2,0,11:14,
35377,23044,2,0,10:14,
35377,23044,2,0,10:45,
35377,23044,2,0,11:45,
35377,23044,2,0,12:14,
54842,51021,1,0,11:50,
54842,51021,1,0,13:50,
54842,51021,1,0,06:25,
35377,23044,2,0,12:45,
35377,23044,2,0,13:14,
35377,23044,2,0,13:45,
35377,23044,2,0,14:45,
35377,23044,2,0,14:14,
12387,40014,1,#,13:18,2026-02-27 13:40:41
54842,51021,1,0,06:25,
32052,54073,2,0,14:55,
32052,37071,2,0,06:55,
32052,37071,2,0,06:25,
32052,37071,2,0,09:55,
32052,37071,2,0,07:25,
32052,37071,2,0,07:55,
32052,37071,2,0,08:25,
32052,54073,2,0,06:25,
32052,54073,2,0,07:25,
32052,54073,2,0,08:25,
32052,54073,2,0,10:25,
32052,37071,2,0,08:55,
32052,37071,2,0,10:55,
32052,37071,2,0,09:25,
32052,54073,2,0,09:25,
32052,37071,2,0,10:25,
32052,54073,2,0,10:55,
32052,54073,2,0,12:25,
32052,37071,2,0,11:25,
32052,54073,2,0,11:25,
32052,37071,2,0,11:55,
32052,37071,2,0,13:25,
32052,37071,2,0,12:25,
32052,37071,2,0,13:55,
32052,37071,2,0,12:55,
32052,37071,2,0,14:25,
32052,54073,2,0,14:25,
32052,54073,2,0,13:25,
32052,54073,2,0,13:55,
32052,37071,2,0,13:25,
32052,37071,2,0,13:55,
37123,29012,1,0,10:40,
37123,29012,1,0,12:40,
37123,29012,1,0,13:40,
35377,23044,2,0,13:14,
35377,23044,2,0,13:45,
35377,23044,2,0,14:14,
35377,23044,2,0,14:45,
54842,51021,1,0,13:50,
32052,54073,2,0,13:55,
32052,37071,2,0,14:25,
32052,37071,2,0,14:25,
32052,54073,2,0,14:25,
32052,54073,2,0,14:25,
32052,37071,2,0,14:55,
32052,54073,2,0,14:55,
